,005001.OF,zhouqi,xiaofei,zhizao,TMT,jinrong
2019/1/2,-0.0159,-0.009518766,-0.013527446,-0.006393183,2.01E-05,-0.012630289
2019/1/3,-0.0057,-0.001628731,-0.012761169,-0.001029165,-0.012541289,0.01007186
2019/1/4,0.0212,0.020959928,0.022747621,0.02029496,0.029006544,0.032388235
2019/1/7,0.0167,0.014276696,0.009579347,0.021308372,0.027516933,-0.000475961
2019/1/8,-0.0042,-0.001992278,-0.001726535,-0.000266556,-0.000178187,-0.003994125
2019/1/9,0.0013,0.002767405,0.013794513,0.002028434,0.004749408,0.008916795
2019/1/10,-0.0045,-0.002733053,-0.002302752,0.000927228,0.001564152,-0.003747459
2019/1/11,-0.004,0.00772556,0.007384882,0.007614761,0.008596914,0.007989842
2019/1/14,-0.0124,-0.001014047,-0.009766784,-0.004233362,-0.010724274,-0.00780037
2019/1/15,0.0161,0.008421165,0.025894757,0.011168427,0.016962071,0.015901457
2019/1/16,0.0128,-0.003276343,0.004028457,-0.001986545,-0.002800974,0.000997225
2019/1/17,-0.0147,-0.004983915,-0.005549175,-0.007426528,-0.012592299,-0.005587914
2019/1/18,0.0157,0.016798408,0.01837976,0.00792374,0.005057956,0.01637184
2019/1/21,0.0093,0.006567371,0.007493173,0.005838953,0.009903517,0.001023959
2019/1/22,-0.0132,-0.012429607,-0.014505928,-0.011437046,-0.012993941,-0.009512189
2019/1/23,0.0085,0.003527532,0.000268391,3.17E-03,-0.001809222,-0.000605676
2019/1/24,0.0063,-0.003430175,0.005352849,0.003929596,0.0134575,0.009466908
2019/1/25,0.0044,-0.000232856,0.00069824,0.000271961,-0.003390265,0.010997495
2019/1/28,0.0001,-0.003336567,-0.003113769,-0.002010155,-0.002920179,-0.001220735
2019/1/29,0.0006,-0.006343888,0.000806247,-0.010729597,-0.018476085,0.003467789
2019/1/30,-0.007,-0.007526933,-0.013102398,-0.008878168,-0.016633578,-0.004622345
2019/1/31,-0.0069,-0.006111294,0.001712665,-0.010030968,-0.007210763,0.014744483
2019/2/1,0.0304,0.02029954,0.022361358,0.023379036,0.034808051,0.008798223
2019/2/11,0.0288,0.019908872,0.0315272,0.020860549,0.038013951,0.008661045
2019/2/12,0.004,0.010304026,0.013035415,0.010461303,0.014466684,0.002656375
2019/2/13,0.0075,0.018129277,0.01325803,0.014846709,0.033525694,0.019286257
2019/2/14,0.0048,0.000867427,0.008196,0.005384634,0.005010204,-0.002838405
2019/2/15,-0.0132,-0.008104733,-0.00964472,-0.00658168,-0.003151922,-0.020959257
2019/2/18,0.0303,0.029222686,0.032868185,0.031230151,0.044131634,0.031902673
2019/2/19,-0.006,-0.000360511,-0.004796682,0.002098591,0.004608192,0.003275666
2019/2/20,-0.0035,0.00580579,-0.000313197,0.003814332,5.85E-05,0.005291851
2019/2/21,-0.0034,-0.006818553,-0.002359467,-0.002691257,0.004038663,-0.002638065
2019/2/22,0.0242,0.011346241,0.011398517,0.018703545,0.038334546,0.035235693
2019/2/25,0.047,0.053567424,0.040925768,0.047727878,0.062706847,0.077209894
2019/2/26,-0.0092,0.008604705,-0.002991491,-0.003367552,-0.005698047,-0.019764244
2019/2/27,-0.017,-0.005011736,-0.001409443,-0.0041093,-0.011291142,0.008801983
2019/2/28,0.0171,0.002573067,0.011924859,0.00100556,-0.000424508,-0.010935447
2019/3/1,0.0033,0.010813772,0.015461047,0.009520153,0.007586105,0.030064291
2019/3/4,0.0205,0.012336655,0.019060522,0.016675251,0.024491866,0.011110617
2019/3/5,0.0197,0.01267192,0.013653112,1.90E-02,0.042867624,0.003438716
2019/3/6,0.0019,0.019624438,0.006507315,0.015543823,0.017791603,0.016570318
2019/3/7,0.0067,0.008140391,-0.005249871,0.005926706,0.016220091,-0.003709997
2019/3/8,-0.0134,-0.053123063,-0.026956158,-0.043449522,-0.019243794,-0.049567466
2019/3/11,0.0476,0.030772314,0.034119457,0.042208915,0.041491469,0.009382659
2019/3/12,0.0327,0.008621083,0.010173872,0.019223811,0.028132783,0.007611325
2019/3/13,-0.0273,-0.010467104,-0.011760902,-0.016264883,-0.044406098,0.002997325
2019/3/14,-0.0101,-0.01094283,-0.012432873,-0.019369897,-0.032294679,-0.009254835
2019/3/15,0.0068,0.016628582,0.020866885,0.014063186,0.003031379,0.012720727
2019/3/18,0.0239,0.030208393,0.039151002,0.020378784,0.022367538,0.022895206
2019/3/19,0.0005,-0.002030934,-0.005266709,0.004568802,0.010653107,-0.004625883
2019/3/20,-0.0074,-0.000683911,-0.003059615,-0.000145724,-0.006439173,0.007896865
2019/3/21,0.0033,0.00592951,0.002811924,0.007072004,0.018336839,0.000697288
2019/3/22,-0.0081,0.003182481,0.00823807,0.005174698,0.000875842,-0.004651935
2019/3/25,-0.0059,-0.014496512,-0.016271698,-0.007136228,-0.010104003,-0.029507749
2019/3/26,-0.015,-0.019858822,-0.010734114,-0.025559658,-0.028868745,-0.01046997
2019/3/27,0.0162,0.009698947,0.023593643,0.003528236,-0.001410784,0.010714472
2019/3/28,-0.0053,-0.013083879,-0.003463052,-0.008705935,-0.006692878,-0.009988105
2019/3/29,0.0286,0.026560874,0.034267524,0.027218431,0.031406626,0.048904596
2019/4/1,0.0368,0.038529999,0.031097765,0.032514586,0.043244129,0.022550499
2019/4/2,0.0003,0.011594483,-0.005880551,0.004260765,0.003010086,0.003205741
2019/4/3,0.0075,0.012295636,0.006839171,0.013536504,0.008428325,0.018531459
2019/4/4,-0.0036,0.013989287,0.010953939,0.01015283,-0.001573935,0.008001098
2019/4/8,-0.017,0.025362977,0.000121702,-0.007034753,-0.022284063,-0.003094318
2019/4/9,0.0003,-0.014667523,0.015258743,0.004735656,0.007649684,0.001566128
2019/4/10,-0.0053,-0.004958761,0.014955652,0.003962379,-0.005466338,-0.005513696
2019/4/11,-0.0173,-0.023846868,-0.027386347,-0.011927209,-0.023177885,-0.013565809
2019/4/12,0.0002,-0.002834404,-0.004949291,0.001190756,0.00362445,-0.00069151
2019/4/15,-0.0144,-0.006821591,-0.006839606,-0.008240496,-0.007177644,-0.000414177
2019/4/16,0.0028,0.023193937,0.017063764,0.015635207,0.032827586,0.034174968
2019/4/17,0.0035,0.004744668,0.007213397,0.017116991,0.004107613,-0.007653813
2019/4/18,-0.0066,-0.002420605,-0.001172854,-0.0053595,-0.004924586,-0.006331046
2019/4/19,0.0055,0.006413881,0.009676696,0.008188336,0.011000011,0.013656346
2019/4/22,-0.0116,-0.015368676,-0.010767462,-0.015308266,-0.010796852,-0.028741718
2019/4/23,-0.0068,-0.015489598,-0.001559359,-0.017655429,-0.017340432,0.003795318
2019/4/24,0.0103,0.00552927,0.005288784,0.008080845,0.018880696,0.00148419
2019/4/25,-0.0263,-0.03700271,-0.021543363,-0.036049327,-0.039501681,-0.019813987
2019/4/26,-0.0034,-0.016507916,-0.013802553,-0.015992992,-0.00535668,-0.009247258
2019/4/29,-0.0096,-0.024505827,0.000734076,-0.019962085,-0.036728171,0.002398164
2019/4/30,-0.0008,0.009492226,0.009184371,0.01182769,0.002976839,0.002405015
2019/5/6,-0.0545,-0.065718788,-0.061919841,-0.066647477,-0.084721978,-0.054246484
2019/5/7,0.015,0.010876473,0.019919322,0.014449477,0.008767041,0.005919005
2019/5/8,-0.0015,-0.006664618,-0.00980226,-0.006539187,-0.000789265,-0.016361529
2019/5/9,-0.0104,-0.00955939,-0.018633855,-0.008547494,-0.007381858,-0.019434544
2019/5/10,0.0351,0.029006192,0.037847265,0.033966142,0.047732334,0.036888748
2019/5/13,-0.0044,-0.009529752,-0.004033674,-0.009972785,-0.018094383,-0.018118674
2019/5/14,-0.006,-0.005969668,-0.008762012,-0.007291526,-0.00370169,-0.005247638
2019/5/15,0.0116,0.020182153,0.032343035,0.021576073,0.018233624,0.019420884
2019/5/16,-0.0001,0.018694554,0.007321425,0.007727564,-0.004920725,0.001999243
2019/5/17,-0.0268,-0.033399593,-0.025094861,-0.032938818,-0.031702907,-0.024820626
2019/5/20,-0.0014,-0.003626015,-0.018966468,-0.005792965,0.006626114,-0.000830729
2019/5/21,0.012,0.022052934,0.016561464,0.015351196,0.019801449,0.010546007
2019/5/22,0.0059,-0.011282115,-0.004487528,-0.005185002,0.006939823,-0.006471975
2019/5/23,-0.0283,-0.015036071,-0.025947383,-0.015905551,-0.030773556,-0.008615098
2019/5/24,-0.0086,-0.003992044,-0.000330162,-0.002024506,-0.013921766,0.004462747
2019/5/27,0.0262,0.020392511,0.016210503,0.021495635,0.038967949,0.011796362
2019/5/28,-0.001,0.001169998,0.011253007,0.005720765,0.002225372,0.007444971
2019/5/29,-0.0026,0.005105503,-0.000176385,-0.001314576,0.001391607,-0.000529669
2019/5/30,-0.0056,-0.000562923,-0.002858898,-0.003933351,-0.012143324,-0.006860383
2019/5/31,-0.0047,-0.002635586,-0.001959874,0.002020069,0.000208118,-0.002938278
2019/6/3,-0.0149,-0.012333529,-0.004346651,-0.008749998,-0.005294241,0.000428595
2019/6/4,-0.0031,-0.013040882,-0.016772577,-0.012042901,-0.010768368,-0.005696334
2019/6/5,-0.0036,0.001574894,-0.007314363,-0.001603681,0.006740739,0.004107004
2019/6/6,-0.0083,-0.011329705,-0.016973792,-0.017333944,-0.030415742,-0.00547329
2019/6/10,0.0077,0.011134693,0.012356329,0.011759381,0.019034953,0.010919507
2019/6/11,0.0375,0.037262877,0.038572023,0.030902914,0.037228427,0.027843407
2019/6/12,-0.0039,-0.001575783,-0.00713427,-0.006621954,-0.005350817,-0.007159146
2019/6/13,0.0044,0.003082165,0.001014577,0.004025589,0.004477035,0.00029662
2019/6/14,-0.0107,-0.015062758,-0.009018189,-0.014238804,-0.02545237,-0.00731311
2019/6/17,-0.0033,0.002531349,-0.000851031,-0.001205883,-0.002546281,0.003714564
2019/6/18,0.006,-0.00316099,0.005117734,-9.33E-05,0.002887889,0.003222878
2019/6/19,0.0152,0.008133479,0.012865377,0.014810553,0.021692935,0.01580231
2019/6/20,0.019,0.016725742,0.023600656,0.019254009,0.017516462,0.038699831
2019/6/21,0.0291,0.009699515,0.003071762,0.013515439,0.023143866,6.88E-05
2019/6/24,0.0003,0.004594897,0.006346562,-0.000709102,-0.005725343,0.000216147
2019/6/25,-0.0137,-0.007309293,-0.007249047,-0.007892687,-0.013712831,-0.013221138
2019/6/26,0.0068,-0.004251622,0.004993351,0.002177159,0.002464474,-0.00709981
2019/6/27,0.0077,0.005729417,0.011323594,0.004562509,0.016861475,0.011669216
2019/6/28,-0.0036,-0.006346428,-0.003642185,-0.006371986,-0.015483425,-0.002391762
2019/7/1,0.0235,0.020930868,0.034847474,0.02369957,0.048853842,0.021816468
2019/7/2,0.0027,0.002611058,0.006540844,1.16E-03,-0.008035188,-0.002972322
2019/7/3,-0.0156,-0.007946006,-0.015558478,-0.002161836,-0.017189473,-0.004998942
2019/7/4,-0.0062,-0.001592225,-0.0112608,0.00042711,-0.006947985,-0.000222679
2019/7/5,0.004,0.001797775,0.016227072,0.00072302,0.005324142,0.000524749
2019/7/8,-0.0218,-0.031028801,-0.020447301,-0.030573937,-0.037247369,-0.022705273
2019/7/9,-0.0029,0.002990201,0.000461921,0.002367969,0.001499459,-0.001942297
2019/7/10,0.0028,-0.010942942,-0.000434673,-0.004971172,-0.001453629,-0.002953935
2019/7/11,-0.0003,0.005192405,4.95E-05,-0.000968063,-0.004202837,0.002734738
2019/7/12,-0.0047,0.006551228,0.005551475,0.003887807,0.000877457,0.010822798
2019/7/15,0.0227,0.006533521,0.002899208,0.010828255,0.019690815,0.003664429
2019/7/16,-0.0046,0.002797754,-0.006985598,-0.000517487,0.004781798,-0.002125222
2019/7/17,0.0012,0.001193488,-0.002801133,0.001125833,0.004417422,-0.000785437
2019/7/18,-0.0192,-0.011239042,-0.013319647,-0.0130702,-0.023257844,-0.00560475
2019/7/19,0.0033,0.006501154,0.004794674,0.007899854,0.003397143,0.017740875
2019/7/22,-0.0058,-0.018634693,-0.009275022,-0.008206012,-0.007119325,-0.009490335
2019/7/23,0.0108,0.007566674,0.003099057,0.010430428,0.018019455,-0.00023135
2019/7/24,0.0146,0.008502359,0.005775885,0.010905507,0.021257751,0.007600257
2019/7/25,0.0037,-0.001600907,0.006887104,0.002885983,0.014739531,0.00881463
2019/7/26,-0.0037,0.000901814,2.19E-03,0.006714227,-0.000670825,5.90E-05
2019/7/29,-0.0016,-0.000604265,0.002034473,0.000272999,0.005901522,-0.006232351
2019/7/30,0.0063,0.006239796,0.003759605,0.003055055,0.001248545,0.007703063
2019/7/31,-0.0031,-0.007417904,-0.007149915,-0.004512364,-0.002290833,-0.012167284
2019/8/1,-0.0029,-0.005500666,-0.007447894,-0.004274205,-0.000640608,-0.010295014
2019/8/2,-0.0038,-0.010377309,-0.008438906,-0.01416014,-0.018980485,-0.016889487
2019/8/5,-0.0169,-0.010826151,-0.013904695,-0.015293006,-0.012926136,-0.019784818
2019/8/6,-0.0069,-0.025404504,-0.011670466,-0.021752235,-0.022911409,-0.008384476
2019/8/7,-0.0087,0.007034784,-0.001409799,-0.004530021,-0.010636494,-0.006052236
2019/8/8,0.0074,0.003882934,0.012663854,0.008467651,0.022926771,0.012395542
2019/8/9,-0.0105,-0.009823915,-0.010655671,-0.010326718,-0.015161818,-0.006603221
2019/8/12,0.0254,0.00794148,0.020590451,0.013094333,0.034147384,0.017719935
2019/8/13,-0.009,-0.004100331,-0.003078626,-0.005303132,-0.007935744,-0.012742608
2019/8/14,0.0101,0.002495367,0.011497146,0.005834444,0.008026718,-0.000773805
2019/8/15,0.0129,-0.000422118,0.002177956,0.002988478,0.015724352,0.00359706
2019/8/16,0.002,0.002667581,0.010474137,0.001129908,0.006961638,0.002080812
2019/8/19,0.0357,0.021732883,0.01758897,0.026713999,0.044464062,0.026396548
2019/8/20,-0.003,0.003220092,0.002552296,-0.001788956,0.002087872,-0.003142728
2019/8/21,-0.0013,-0.00266692,-0.003285599,0.003443142,3.69E-03,-0.001019194
2019/8/22,0.0025,-0.000803106,0.010898425,0.003518108,0.001157097,-0.000929212
2019/8/23,-0.0013,-0.000532931,0.010867629,-0.000539335,-0.004978113,0.007529047
2019/8/26,-0.0015,-0.006665757,-0.00590155,-0.007340568,-0.011035315,-0.018108446
2019/8/27,0.0171,0.014581554,0.017599825,0.017863771,0.021416201,0.008637114
2019/8/28,-0.0055,-0.001629641,0.001431806,0.001185672,-0.003209494,-0.008434283
2019/8/29,0.0057,-0.001046789,0.0003678,-0.003709191,0.007573643,-0.007741825
2019/8/30,-0.0069,-0.007320462,0.003669324,-0.004578991,-0.016592821,-0.000362075
2019/9/2,0.0253,0.020208556,0.011839056,0.02013528,0.034985635,0.011673799
2019/9/3,0.0069,0.005334781,-0.001418158,0.002442655,0.022943711,-0.000875558
2019/9/4,0.0043,0.016440853,-0.000419469,0.005271424,0.007902119,0.017492128
2019/9/5,0.0134,0.005856218,0.004201147,0.008125097,0.016940188,0.014535654
2019/9/6,0.0021,-7.46E-05,0.000757695,0.005498581,0.011229541,0.008315546
2019/9/9,0.0189,0.014738579,0.005037273,0.014494839,0.042057069,0.003351043
2019/9/10,-0.0063,1.61E-03,0.005387092,-0.002350718,-0.010047607,-0.003231301
2019/9/11,-0.0031,-0.001288075,-0.019627924,-0.003899042,-0.010744602,0.004504553
2019/9/12,0.0083,0.005363645,0.007657196,0.005464853,0.006048522,0.014134802
2019/9/16,0.0052,0.002837575,-0.000469438,0.000598338,0.010980667,-0.009068754
2019/9/17,-0.02,-0.019884845,-0.012733979,-0.021723133,-0.025015954,-0.018219439
2019/9/18,-0.0016,-0.003818333,0.012889848,0.000304268,0.000526143,0.001264924
2019/9/19,0.0104,0.006253613,0.005109909,0.007478176,0.019402606,0.001954691
2019/9/20,-0.0026,-0.000586356,0.003614344,0.003415042,0.005012357,0.000661312
2019/9/23,-0.0067,-0.01263229,-0.012625156,-0.010068578,0.001360608,-0.01224745
2019/9/24,0.0123,-0.000580427,0.007551553,0.003273579,0.006420663,-0.000755563
2019/9/25,-0.011,-0.008297434,-0.009224364,-0.01511376,-0.029375371,-0.001425556
2019/9/26,-0.0207,-0.018233802,-0.01653913,-0.018471853,-0.037110383,0.001470695
2019/9/27,0.0094,0.002174544,0.004996699,0.00363394,0.018229324,0.001058825
2019/9/30,-0.003,-0.005200753,-0.004513619,-0.008124457,-0.02043429,-0.012857461
2019/10/8,-0.0038,0.003971998,0.010224216,0.000665308,-0.011522392,0.010056213
2019/10/9,0.008,0.008045997,-0.003393785,0.006500055,0.008465131,0.0099485
2019/10/10,0.0143,0.006594605,0.016599252,0.012435091,0.01968029,0.002697946
2019/10/11,0.0031,0.004139895,0.004323018,0.003655421,0.000375601,0.016436634
2019/10/14,0.0082,0.008955977,0.00698945,0.012587179,0.02279298,0.0156441
2019/10/15,-0.0124,-0.01169205,0.002109379,-0.009405292,-0.023855156,-0.003669385
2019/10/16,0.0049,-0.004537583,-0.004760143,-0.007450136,-0.003278561,-0.000879153
2019/10/17,-0.0019,-0.001119359,0.000301777,-0.002638294,0.004794821,-0.000987603
2019/10/18,-0.0128,-0.012107917,-0.006305016,-0.013159275,-0.015863386,-0.018353405
2019/10/21,0.0035,-0.002321061,-0.001172799,-0.004256506,-0.003482689,0.007786766
2019/10/22,0.004,0.005237239,0.010105594,0.007067533,0.018359872,0.000557436
2019/10/23,-0.0115,-0.005496467,-0.00907111,-0.006010801,-0.003938371,-0.005832026
2019/10/24,-0.0003,-0.001649332,-0.006222964,-0.000250165,-0.002519643,0.007010708
2019/10/25,0.0105,0.005246214,0.014694163,0.00563534,0.011474959,-0.000392429
2019/10/28,0.0215,0.009546943,0.01274958,0.011587561,0.036980085,0.001610281
2019/10/29,-0.017,-0.011831523,0.005999213,-0.012288773,-0.020794822,-0.008065033
2019/10/30,-0.0055,-0.009784133,-0.007631112,-0.007902032,-0.006298448,-0.005058169
2019/10/31,-0.0064,-0.006219196,0.002033426,-0.006884096,-0.013003335,-0.003339882
2019/11/1,0.0075,0.010020363,0.016305703,0.009872903,0.010598831,0.018595336
2019/11/4,0.0106,0.004108577,0.009224438,0.004532199,0.010685214,0.003871768
2019/11/5,0.0085,0.004953272,0.003805924,0.003546178,0.006219864,0.008792947
2019/11/6,-0.0088,-0.003886099,-0.007958309,-0.003511848,-0.012832777,-0.002983324
2019/11/7,0.0074,0.001475991,0.007448744,0.002164057,0.009677358,0.000425526
2019/11/8,-0.0011,-0.004456199,-0.00184729,-0.001418809,0.001349825,-0.009839908
2019/11/11,-0.0213,-0.024288226,-0.020635635,-0.019999436,-0.022523265,-0.016551856
2019/11/12,-0.0032,0.002085939,0.001151055,0.000793088,0.000161168,0.00185364
2019/11/13,0.0075,-0.004068121,0.004671696,-0.004212472,0.005472012,-0.006661764
2019/11/14,0.0035,0.003494578,0.005492074,0.002484489,0.014607874,-0.002157386
2019/11/15,-0.0064,-0.012109401,-0.00977776,-0.008949439,-0.008841642,-0.004231428
2019/11/18,0.0115,0.008328422,0.005224026,0.007384363,0.009223783,0.010930134
2019/11/19,0.0257,0.015562923,0.014400931,0.015115921,0.02353862,0.004718746
2019/11/20,-0.0036,-0.00297836,-0.003776219,-0.007501534,-0.008547695,-0.014380509
2019/11/21,-0.0035,0.000872987,-0.007584189,0.00216529,-0.000782279,-0.004377585
2019/11/22,-0.0141,0.004068965,-0.021556967,-0.002220755,-0.018728427,-0.005274347
2019/11/25,-0.0084,0.021646841,-0.003847795,0.007395572,-0.021040839,0.012331492
2019/11/26,0.0001,-0.005594582,0.005689198,0.003428722,0.00674185,-0.003732299
2019/11/27,-0.0039,-0.00113339,-0.00471758,-0.003592645,0.007789172,-0.003196208
2019/11/28,-0.0085,-0.004178639,-0.000681207,-0.003042376,-0.002485984,-0.00447146
2019/11/29,0.001,-0.003838481,-0.015287988,0.001018897,0.004148039,-0.003597285
2019/12/2,0.0106,0.000588143,-0.001781615,0.001445111,0.007569536,0.004034392
2019/12/3,0.0023,0.003205239,0.002432072,0.005189878,0.0077838,0.005582597
2019/12/4,-0.0004,0.002249458,0.004206952,-0.000148653,0.00100723,-0.004619889
2019/12/5,0.0152,0.006043249,0.006642774,0.009916573,0.018918598,0.007491368
2019/12/6,0.0049,0.00321981,0.010633734,0.005225066,0.012386209,0.002170186
2019/12/9,0.0058,0.008508288,-0.006535364,0.001232878,0.006861007,0.000592657
2019/12/10,0.0064,0.002250419,0.002810179,0.001896609,0.016168012,-0.002408803
2019/12/11,0.0016,-0.000655092,-0.005147181,0.000664588,-0.007455973,0.006885508
2019/12/12,-0.0005,-0.003201902,-0.003110598,-0.001912881,0.002718905,-0.003251796
2019/12/13,0.0135,0.010676126,0.016799165,0.012760547,0.012762951,0.025787501
2019/12/16,0.0159,0.01079804,0.002368005,0.014814247,0.029798276,0.003245936
2019/12/17,0.0089,0.014560965,0.011550808,0.010050649,0.013413006,0.017131982
2019/12/18,-0.005,-0.002579362,-0.003769602,-0.001675477,0.004812232,0.00070857
2019/12/19,0.003,0.005318205,0.001075284,0.004200242,-0.003108688,1.97E-05
2019/12/20,-0.0056,-0.006975257,-0.003847162,-0.00683145,-0.016905401,0.002051572
2019/12/23,-0.0121,-0.011269163,-0.009574839,-0.014385512,-0.028134514,-0.016839819
2019/12/24,0.0084,0.019240426,0.005549831,0.014242699,0.020409715,0.004548034
2019/12/25,0.0052,0.001040845,-0.00262804,0.005025826,0.014780298,-0.003152786
2019/12/26,0.007,0.012439289,0.005784003,0.005698621,0.004698131,0.014237313
2019/12/27,-0.0089,0.005062125,0.001703815,-0.00276764,-0.018964215,-0.003948445
2019/12/30,0.0081,0.013570604,0.011701495,0.009883174,0.004842969,0.018501974
2019/12/31,0.0037,0.008052843,0.011276858,0.003370841,0.003097092,-0.000694312
2020/1/2,0.0156,0.015323192,0.007326741,0.01644788,0.034397571,0.012298359
2020/1/3,0.0017,0.005684013,-0.006697655,0.003320589,0.008685648,3.22E-05
2020/1/6,0.0104,0.011551469,-0.00296147,0.004086514,0.012452151,-0.006018452
2020/1/7,0.0095,0.003390942,0.017541294,0.009202235,0.014063499,0.006504681
2020/1/8,-0.007,-0.010581054,-0.007935665,-0.003401098,-0.016681032,-0.019354017
2020/1/9,0.0173,0.005018486,0.018546856,0.010691813,0.027014178,0.0098962
2020/1/10,-0.0031,-0.003578178,0.004056768,-0.005830224,0.000566708,-0.002005978
2020/1/13,0.0128,0.008366556,0.008752825,0.01040757,0.023437524,0.008495133
2020/1/14,-0.0019,0.005600035,-0.005483352,-0.000103504,-0.00505487,-0.003494219
2020/1/15,0.0001,-0.01076595,0.000606339,-0.007158933,0.009465649,-0.010054012
2020/1/16,0.0041,-0.003802931,-0.001271359,-0.000119183,0.000777149,-0.005960017
2020/1/17,-0.0004,-0.00031426,0.003040423,-0.002403739,-0.001947561,0.001353484
2020/1/20,0.0021,0.006305191,0.006639922,0.011430333,0.024840976,0.007467513
2020/1/21,-0.0042,-0.017447804,-0.00591097,-0.014189497,-0.011307959,-0.017974971
2020/1/22,0.0134,0.00469607,-0.007285237,0.00912395,0.02390653,0.003252795
2020/1/23,-0.027,-0.034474155,-0.029466058,-0.0296479,-0.036827265,-0.0301091
2020/2/3,-0.0599,-0.089351642,-0.060999941,-0.08395132,-0.094167579,-0.07888261
2020/2/4,0.0365,0.010449444,0.028171736,0.014386686,0.030165254,0.015221643
2020/2/5,0.0092,0.019776487,0.032748988,0.025882931,0.021226448,0.004569982
2020/2/6,0.0264,0.019764391,0.028360091,0.023326047,0.038462746,0.013082457
2020/2/7,0.0067,0.002257379,-0.003877253,0.008041515,0.027421968,-0.002494363
2020/2/10,0.0118,0.025956008,0.002629531,0.020007282,0.002879563,0.003459346
2020/2/11,-0.0016,0.00382665,0.005479001,-0.005418086,0.000440591,0.007076306
2020/2/12,0.011,0.017664509,0.007537045,0.015714843,0.030026488,0.00469559
2020/2/13,-0.0075,-0.001989414,-0.011685187,-0.006365255,-0.002871407,-0.0064196
2020/2/14,0.0008,0.006473843,0.002778607,-0.002632108,0.003002027,0.013920544
2020/2/17,0.0199,0.026122363,0.018705575,0.035534977,0.041513621,0.023414416
2020/2/18,0.0068,0.004820837,-0.000357265,0.01550702,0.025842819,-0.009074868
2020/2/19,-0.0101,-0.005291004,-0.004102903,-0.00273812,-0.011939458,0.001521808
2020/2/20,0.0154,0.013120202,0.017793171,0.020201123,0.027281837,0.025641841
2020/2/21,0.0046,0.007094834,0.00245232,0.00945353,0.028349004,-0.004176572
2020/2/24,-0.0031,1.53E-03,0.000930644,-3.23E-05,0.041348548,-0.010478796
2020/2/25,-0.001,-0.006167683,0.002348918,0.003618128,0.011490117,-0.003018666
2020/2/26,-0.0193,-0.001804678,-0.015148737,-0.01503358,-0.049902891,0.00068544
2020/2/27,0.0046,0.001170074,0.007748951,0.004353608,0.003854869,-1.56E-05
2020/2/28,-0.0231,-0.040637715,-0.033110249,-0.050321394,-0.06066876,-0.033754239
2020/3/2,0.0291,0.052521622,0.027476556,0.038443633,0.041041955,0.031424716
2020/3/3,0.0086,0.007034246,0.015708423,0.009867184,0.01079634,0.002959909
2020/3/4,0.007,0.012319923,0.007528192,0.004864936,-0.012456809,0.016276028
2020/3/5,0.0084,0.012800994,0.032754669,0.017089525,0.00604906,0.023391309
2020/3/6,-0.0101,-0.006829849,-0.00365067,-0.00533966,-0.010176646,-0.022106112
2020/3/9,-0.0244,-0.036859766,-0.024068608,-0.034764584,-0.054769199,-0.028587409
2020/3/10,0.0179,0.017071875,0.011243746,0.024000143,0.049785985,0.017550487
2020/3/11,-0.0148,-0.013882444,-0.007064914,-0.005438164,-0.024916843,-0.013684709
2020/3/12,-0.0117,-0.021166043,-0.026319647,-0.020866562,-0.013839261,-0.010165866
2020/3/13,-0.0037,-0.016946645,-0.016355834,-0.009089544,-0.000900473,-0.011171819
2020/3/16,-0.0357,-0.033466662,-0.033941581,-0.045065878,-0.065471949,-0.0370295
2020/3/17,-0.009,-0.003013046,-0.009568198,-5.15E-07,0.004833563,-0.001833068
2020/3/18,-0.0188,-0.012764088,-0.01088953,-0.017101096,-0.018310371,-0.027746549
2020/3/19,-0.0122,-0.002828589,-0.011457768,-0.001209245,0.025167839,-0.017242443
2020/3/20,0.0161,0.016431632,0.024075556,0.011127172,0.003666782,0.018864211
2020/3/23,-0.0401,-0.036518723,-0.025748883,-0.041147404,-0.054784128,-0.031312849
2020/3/24,0.0198,0.024149372,0.028051488,0.02059366,0.017780822,0.025932205
2020/3/25,0.0251,0.019355928,0.030010033,0.028403115,0.028080961,0.022990909
2020/3/26,-0.0043,-0.013329005,0.006936193,-0.014963466,-0.016942371,-0.003861591
2020/3/27,0.0032,0.00443933,0.001485837,0.001354719,-0.014234633,0.003431325
2020/3/30,-0.0108,-0.013280866,-0.009534984,-0.010810141,-0.036569667,-0.00755836
2020/3/31,0.0015,0.003452775,0.019876818,0.00061962,-0.004551086,-0.007364538
2020/4/1,0.0026,-0.002997379,-0.01175076,-0.004346794,0.004211639,-7.34E-05
2020/4/2,0.0102,0.019102476,0.012238359,0.019865396,0.045495846,0.010550818
2020/4/3,-0.0042,-0.007441526,0.005455063,-0.007771028,-0.014163886,-0.008173495
2020/4/7,0.0165,0.032107657,0.029961472,0.028581705,0.034545232,0.015674991
2020/4/8,-0.0023,0.001301041,-0.003785799,0.001433764,0.004466119,-0.005666935
2020/4/9,0.0035,0.002663145,0.014564686,3.37E-03,0.007779514,0.002329511
2020/4/10,-0.0109,-0.015793926,-0.006440973,-0.015563178,-0.037978918,-0.002372354
2020/4/13,-0.0044,0.003325204,0.001652671,-5.78E-03,-0.02377524,-0.006530125
2020/4/14,0.0166,0.01830932,0.01662688,0.021318772,0.032380386,0.01643431
2020/4/15,-0.0079,-0.009718743,-0.00422202,-0.004923813,-0.001644305,-0.008314324
2020/4/16,0.0049,-0.000744621,0.002315126,0.00828335,0.012052746,0.001274872
2020/4/17,0.0015,0.007725909,0.000619855,0.006732558,0.008229939,0.008275045
2020/4/20,0.0059,0.009229344,0.011122971,0.006090216,0.016053073,0.001229021
2020/4/21,-0.0048,-0.007096088,-0.010419787,-0.00807875,-0.004816194,-0.010465385
2020/4/22,0.0028,0.00567418,0.021374481,0.007386215,0.006382284,0.00128564
2020/4/23,-0.0006,-0.002134572,0.004275867,-0.002217669,-0.015541942,-0.003490784
2020/4/24,-0.008,-0.011379651,-0.011137513,-0.009149534,-0.019581899,-0.010560325
2020/4/27,0.0051,-0.005197145,0.006073954,-0.002616983,-0.001528696,0.011277799
2020/4/28,0.0024,-0.016943713,0.002444372,-0.006724914,-0.000556426,0.006313795
2020/4/29,0.0095,0.003753459,-0.010860669,0.003800479,0.001956139,0.017576932
2020/4/30,0.0074,0.020163052,-0.000635813,0.026131925,0.044731582,0.008453851
2020/5/6,0.0002,0.014650724,0.014656225,0.014380797,0.030174063,-0.006007677
2020/5/7,-0.001,-0.000310032,0.0057976,-0.003567903,-0.005997885,-0.006289926
2020/5/8,0.0104,0.009178726,0.010919615,0.008924398,0.015045413,0.012162392
2020/5/11,-0.0025,0.000479297,-0.004703923,0.000590788,8.95E-05,0.00016256
2020/5/12,0.0058,-0.004641373,0.010652634,0.000666966,0.003366265,-0.006124294
2020/5/13,0.0055,0.004183357,0.011808693,0.000964792,0.00332333,-0.000545991
2020/5/14,-0.0073,-0.011263583,-0.008195061,-0.010947424,-0.004703256,-0.012459054
2020/5/15,-0.0046,0.001411522,-0.005095247,0.002286815,0.010321217,0.000253397
2020/5/18,0.0054,0.009488038,0.015198868,0.000101989,-0.028498414,0.000477237
2020/5/19,0.0015,0.007918949,0.007647238,0.011665015,0.025103616,0.005924631
2020/5/20,-0.004,-0.005563042,-0.008933839,-0.005135242,-0.012301212,-0.000230817
2020/5/21,-0.0037,-0.009547116,0.002123711,-0.011211892,-0.019588262,-0.005023416
2020/5/22,-0.0125,-0.01857032,-0.023245698,-0.01526443,-0.018992795,-0.021567967
2020/5/25,0.0047,-0.002466902,0.013889679,-0.000256695,-0.014193977,-2.78E-05
2020/5/26,0.0129,0.0157587,0.018230845,0.016781694,0.029133888,0.006993381
2020/5/27,0.0042,-0.002144962,-0.008272931,-0.003247061,-0.015688006,0.000198882
2020/5/28,-0.0014,0.002180454,-0.005869866,-0.002313095,-0.000382398,0.012797879
2020/5/29,0.0072,0.003793319,0.018460388,0.007161935,0.007689348,-0.007305318
2020/6/1,0.0206,0.022552096,0.023855631,0.02689031,0.046788592,0.024278653
2020/6/2,0.0032,0.003372657,-0.006063224,0.004034178,0.007688475,0.009787135
2020/6/3,0.0003,-0.000647038,0.001302724,0.001271795,1.82E-03,-0.00059823
2020/6/4,-0.0016,-0.001048261,0.009560447,0.000879147,-0.003828057,-0.002888729
2020/6/5,-0.0016,-0.001687061,0.003758664,0.003623416,0.007757463,0.002791857
2020/6/8,-0.0008,0.005257153,-0.001165749,0.004193616,0.000474443,0.00438335
2020/6/9,0.0029,0.004336731,0.011920908,0.005560267,0.006631657,0.002871855
2020/6/10,0.0062,-2.11E-03,0.007432056,-0.000879601,0.003234774,-0.007734421
2020/6/11,-0.0043,-0.004173475,-0.011193104,0.001325965,-0.001187008,-0.010299928
2020/6/12,0.0014,-0.002957138,0.011449676,-0.00332362,0.000572194,-0.000720505
2020/6/15,-0.0009,-0.007558612,0.000361219,-0.007280889,-0.008535208,-0.009927011
2020/6/16,0.0118,0.023210291,0.017395747,0.014584455,0.023321403,0.011061395
2020/6/17,0.002,0.002048965,0.009767826,0.000124252,0.003385194,-0.002726193
2020/6/18,0.001,0.00822628,-0.006647038,0.001918074,0.014602594,0.003266064
2020/6/19,0.0113,0.004314741,0.022288081,0.008167142,0.006664419,0.010557211
2020/6/22,-0.0039,-0.00233005,-0.000340894,0.002293782,0.013766772,0.001608116
2020/6/23,0.0056,-0.002462973,0.01216157,0.001677934,0.008766522,-0.001917044
2020/6/24,0.0039,0.000222684,-0.00171852,0.002692184,0.005363503,0.008632025
2020/6/29,-0.0055,-0.008075168,0.006533976,-0.002024213,-0.011784911,-0.012954732
2020/6/30,0.0172,0.009036959,0.015896318,0.012156639,0.028338161,0.012954432
2020/7/1,0.023,0.013767478,0.011535664,0.008846165,0.002569197,0.026991944
2020/7/2,0.0135,0.018779652,0.006867467,0.01293514,0.012322602,0.039492742
2020/7/3,0.0046,0.014349402,0.008202164,0.0152203,0.007176066,0.036937256
2020/7/6,0.048,0.050859507,0.025316213,0.041077806,0.047584625,0.088040672
2020/7/7,0.0175,0.006029356,0.023189838,0.013884998,0.02319621,-0.009973531
2020/7/8,0.0095,0.023640208,0.006972455,0.022826338,0.029222799,0.025509391
2020/7/9,0.0185,0.02570834,0.026081019,0.022808325,0.040560579,0.001126432
2020/7/10,-0.014,-0.01794948,0.006565158,-0.006040784,-0.007113446,-0.029646021
2020/7/13,0.0199,0.036117536,0.035790182,0.033290505,0.032132607,0.006941522
2020/7/14,-0.0171,-0.008948486,-0.004396792,-0.004744367,-0.015465934,-0.009105604
2020/7/15,-0.0035,-0.02034765,0.004735192,-0.016087505,-0.041898288,-0.020589871
2020/7/16,-0.0284,-0.036607019,-0.065337416,-0.041362757,-0.057486358,-0.027359305
2020/7/17,0.0067,0.00928791,0.01783202,0.00671326,0.001687647,-0.010308701
2020/7/20,0.0238,0.050629982,0.008338439,0.045808091,0.025352313,0.04156301
2020/7/21,0.0106,0.000175126,0.020575259,0.002874449,0.005435015,-0.010764903
2020/7/22,0.006,0.006845762,0.011779386,0.001888367,0.010516639,-0.000149665
2020/7/23,-0.0098,-0.002041675,0.013602667,0.007940353,-0.014215193,-0.009236327
2020/7/24,-0.0409,-0.039359632,-0.050966261,-0.038046204,-0.055640453,-0.037216321
2020/7/27,-0.0071,0.008306901,0.008832456,0.001713125,0.004295868,-0.006172034
2020/7/28,0.0133,0.009994537,0.016468157,0.007201507,0.014146787,0.002636608
2020/7/29,0.0227,0.019156326,0.02729903,0.024022619,0.036987068,0.022453
2020/7/30,-0.0041,0.001068796,0.004187594,0.002560677,-0.01196227,-0.010632728
2020/7/31,0.0084,0.010481178,0.012330447,0.007898603,0.02081719,0.005399948
2020/8/3,0.0197,0.022667468,0.018250863,0.029833451,0.031510772,0.015406066
2020/8/4,-0.0066,0.002683611,-0.00690268,-0.005956263,-0.013371372,0.015200663
2020/8/5,0.0013,0.013708393,0.012087691,0.00802319,0.009626265,-0.011315173
2020/8/6,0.001,0.007271507,-0.017442289,0.001141304,-0.00094207,0.014380057
2020/8/7,-0.0082,-0.007913784,-0.008759727,-0.002514834,-0.021248715,-0.016123711
2020/8/10,0.0071,0.00111037,0.002050324,0.007521886,-0.000103869,0.013309768
2020/8/11,-0.0111,-0.020548777,-0.007848975,-0.012195653,-0.02081643,-0.011190538
2020/8/12,-0.0066,-0.009698803,-0.019792593,-0.012063257,-0.001666261,0.003906246
2020/8/13,0.0016,0.003223457,-5.90E-04,0.0071284,-0.000885727,-0.001873547
2020/8/14,0.0149,0.006087803,0.011416589,0.011288724,0.016698831,0.016678179
2020/8/17,0.0161,0.023653142,0.014590591,0.016868495,0.020729005,0.034522696
2020/8/18,-0.0068,0.009449675,0.01125332,0.008271679,-0.001264918,-0.007322356
2020/8/19,-0.0116,-0.007896457,-0.014985065,-0.01085163,-0.029620936,-0.015137775
2020/8/20,-0.0128,-0.01423464,-0.012516631,-0.017309415,-0.003156773,-0.013040989
2020/8/21,0.0122,0.003633471,0.011417019,0.007661246,0.009295507,0.007389944
2020/8/24,0.0087,0.007597734,0.009259827,0.01272901,0.019925403,-0.006483871
2020/8/25,-0.006,-0.008129767,0.005278008,-0.00583692,3.46E-05,-0.00086922
2020/8/26,-0.009,-0.020904075,-0.008718067,-0.009860738,-0.025363196,-0.015181892
2020/8/27,0.0079,0.007938261,0.009113749,0.015145794,0.012476156,0.000108208
2020/8/28,0.0238,0.015059777,0.027944246,0.01653997,0.011528852,0.022165019
2020/8/31,-0.0087,0.0015622,3.94E-05,-0.002155145,-0.00302632,-0.008655362
2020/9/1,0.0101,0.007234964,0.002385868,0.015520113,0.005591177,0.000628453
2020/9/2,0.0032,-0.003321944,0.002711587,0.002014609,0.009719026,-0.0032422
2020/9/3,-0.0092,-0.005547858,-0.004363841,-0.009020514,-0.010498346,-0.006032477
2020/9/4,-0.0035,-0.002366745,-0.016036316,-0.002077347,0.002926289,-0.005433184
2020/9/7,-0.0167,-0.013112146,-0.028818812,-0.018040079,-0.019623139,-0.010898556
2020/9/8,-0.0015,0.00724918,-0.002777063,0.010589946,0.003610276,0.017438554
2020/9/9,-0.0228,-0.020826035,-0.032536421,-0.02084838,-0.037736528,-0.011589663
2020/9/10,0.0002,-0.016820111,-0.000401353,-0.02038957,-0.028595267,-0.005645388
2020/9/11,0.0026,0.007137281,0.015495356,1.95E-02,0.022563356,-0.001584195
2020/9/14,0.0032,0.012981028,0.004948529,0.013287571,0.016894441,0.002992865
2020/9/15,0.0075,0.008491478,0.010345332,0.009434825,0.002568393,0.005092437
2020/9/16,-0.0051,-0.002633108,-0.015505666,-0.001990816,-0.010865306,0.001080513
2020/9/17,0.0043,0.000639378,-0.013166091,0.011556022,0.00568103,-0.004048639
2020/9/18,0.025,0.019977496,0.014895235,0.009467518,0.014593838,0.036479849
2020/9/21,0.0024,-0.002202336,-0.007362346,-0.00360501,-0.005914228,-0.008350877
2020/9/22,-0.0098,-0.021074121,-0.004114253,-0.017734181,-0.013830093,-0.00974551
2020/9/23,-0.0014,0.000251832,0.012672649,0.010338222,0.007002643,-0.006528368
2020/9/24,-0.022,-0.025543806,-0.017822866,-0.029497558,-0.025789016,-0.013672043
2020/9/25,-0.0049,-0.004408848,0.000996494,-0.000993354,-0.004627522,0.00194373
2020/9/28,0.0047,-0.005694634,-0.007310947,0.000296884,-0.007598085,0.002715589
2020/9/29,0.0027,0.007807225,0.007595286,0.01122889,0.013499623,-0.005805437
2020/9/30,-0.0017,-0.00587961,0.004242635,0.004237405,-0.002566496,-0.006638855
2020/10/9,0.0213,0.030023971,0.02095009,0.037016555,0.034264414,0.010507231
2020/10/12,0.022,0.027525234,0.031559168,0.030849358,0.031336581,0.031267086
2020/10/13,0.0047,0.004109835,0.008671283,0.009067358,0.00206033,-0.004137531
2020/10/14,-0.0023,-0.003521717,-0.005078087,-0.000954377,-0.015257932,-0.005764806
2020/10/15,-0.0042,-0.004035489,-0.006320146,-0.009580942,-0.009073371,0.005140198
2020/10/16,-0.0049,-0.002439125,-0.001167924,-0.007475898,-0.006977767,0.009623316
2020/10/19,-0.0056,-0.003101107,-0.014154005,-0.008305669,-0.004638334,-0.00158363
2020/10/20,0.0075,0.005543006,0.013912422,0.015300612,0.012420335,-0.003238604
2020/10/21,-0.0121,-0.009721262,-0.002482918,-0.013870884,-0.017124288,0.007791027
2020/10/22,-0.0047,-0.005743763,-0.005552673,-0.006102509,-0.001272344,0.000110551
2020/10/23,-0.01,-0.008429222,-0.024610465,-0.015876859,-0.017460324,-0.000185494
2020/10/26,0.0038,-0.000948751,-0.001812736,0.012632793,0.005855959,-0.019212729
2020/10/27,0.0015,0.00581441,0.008628693,0.001543089,0.003114443,-0.004809186
2020/10/28,-0.0011,0.009767821,0.011914378,0.006625326,0.006410133,-0.006731473
2020/10/29,0.006,-0.003622608,0.018801217,0.001598455,-0.004903078,0.000355731
2020/10/30,-0.0105,-0.019730707,-0.022873783,-0.011112227,-0.019503802,-0.017059216
2020/11/2,0.006,0.009996422,0.003011473,0.01671072,0.006340575,-0.003727433
2020/11/3,0.0103,0.019987763,0.012463308,0.008223406,0.02097301,0.017902539
2020/11/4,0.0126,0.005472696,0.005948805,0.005456858,-0.003241973,0.004174567
2020/11/5,0.0142,0.01914724,0.009905257,0.026619928,0.022436349,0.008935344
2020/11/6,-0.0076,0.001665345,-0.009197445,-0.009640297,-0.00021935,0.000161815
2020/11/9,0.0167,0.021568812,0.018006875,0.017656493,0.034449041,0.019039129
2020/11/10,-0.0082,-0.002124372,-0.007516724,-0.007266119,-0.015075751,-0.001806224
2020/11/11,-0.0119,0.003274301,-0.012395332,-0.016781874,-0.030602392,-0.000118247
2020/11/12,0.0007,0.005020588,0.00820075,0.002032496,0.004011225,-0.009157612
2020/11/13,-0.0091,-0.000347003,-0.008312894,0.001701286,0.000940091,-0.017223987
2020/11/16,0.004,0.029327056,0.012633155,0.005023912,-0.003109728,0.010773995
2020/11/17,0.0031,-0.00828003,-0.011178106,-0.005468013,-0.007646614,0.010303287
2020/11/18,0.0041,0.004083848,-0.008863185,-0.002360789,-0.001314888,0.015261365
2020/11/19,0.0168,-0.006356911,0.013103111,0.008528904,0.007798041,0.004620393
2020/11/20,0.0004,0.013590923,0.004129194,0.017524855,-9.19E-05,-0.004920185
2020/11/23,0.0019,0.019477613,0.006366898,0.01136992,-0.00414395,0.01709931
2020/11/24,-0.0038,0.004741772,-0.007173382,0.000350439,-0.00020355,-0.007890226
2020/11/25,-0.0181,-0.022401126,-0.021744986,-0.012852125,-0.010602447,-0.003409584
2020/11/26,0.0026,-0.00648839,-0.002033264,-0.001827481,-0.004743966,0.010271182
2020/11/27,0.0107,0.00020736,0.006359551,0.004878849,0.002692391,0.020015733
2020/11/30,-0.0109,-0.001518952,-0.007635123,-0.004726275,0.006596964,-0.004535435
2020/12/1,0.0114,0.009587439,0.017437587,0.017925627,0.01817551,0.027705918
2020/12/2,0.0087,0.001827741,0.002999645,-0.002909159,0.007544847,-0.002210427
2020/12/3,0.0009,-0.013930108,0.011318896,-0.005491159,-0.002168877,-0.002603355
2020/12/4,0.0011,0.007683451,0.013813089,0.003076664,0.000968636,-0.01163137
2020/12/7,-0.0061,-0.006127375,0.000729427,-0.000702653,-0.002413578,-0.019396531
2020/12/8,0.0048,-0.000339062,0.000649536,0.002122053,0.000126624,-0.006537927
2020/12/9,-0.0164,-0.010945557,-0.015026352,-0.017074212,-0.019276244,-0.011576549
2020/12/10,-0.0028,-9.78E-05,0.004814829,0.003432117,0.000295713,-0.004025533
2020/12/11,-0.0121,-0.010262234,-0.006956726,-0.011115756,-0.017749537,-0.012717353
2020/12/14,0.0183,0.001577528,0.014946203,0.013195513,0.005787801,0.008940845
2020/12/15,-0.0034,0.001685182,0.00558321,0.007119438,0.003431004,-0.006953747
2020/12/16,-0.0029,-0.002936314,0.00693815,-0.00262401,-0.013413395,-0.001243363
2020/12/17,0.0023,0.019297218,0.01529264,0.00466233,0.005538474,0.014058314
2020/12/18,-0.0016,0.011127079,-0.008525188,0.007010117,-0.005381081,-0.011434467
2020/12/21,0.0241,0.016533375,0.010936092,0.030257346,0.014250136,-0.000718604
2020/12/22,-0.0122,-0.029745073,-0.001077918,-0.019473268,-0.024223922,-0.024923649
2020/12/23,0.01,0.008039453,-0.000562515,0.024576696,0.012797329,0.003789128
2020/12/24,0.0031,-0.002730309,-0.008535887,-0.007324107,-0.014591274,-0.003062041
2020/12/25,0.0059,0.025342468,0.006995914,0.018268169,0.000275319,0.001970174
2020/12/28,-0.0055,-0.004594249,0.008552716,0.00022272,-0.012566216,0.003437955
2020/12/29,-0.0034,-0.016345899,-0.006920718,-0.019847321,0.016082762,0.00491429
2020/12/30,0.0122,0.011988137,0.015904848,0.019282418,0.010925191,0.006319914
2020/12/31,0.0146,0.012881808,0.017291735,0.020420404,0.018365411,0.021228251
2021/1/4,0.0155,0.028942184,0.016941142,0.038846148,0.01512829,-0.011663023
2021/1/5,0.0128,0.009659897,0.028906623,0.01066401,0.021215191,-0.007398198
2021/1/6,-0.0043,0.007464479,0.007727105,0.002086508,-0.015209789,0.013829672
2021/1/7,-0.0009,0.016180727,0.009198902,0.014414721,-0.012220372,0.007677786
2021/1/8,-0.0044,6.99E-05,-0.011361779,-0.008575489,0.015192256,0.001688143
2021/1/11,-0.0016,-0.021203423,-0.017440415,-0.019107302,0.006435231,-0.004876614
2021/1/12,0.0151,0.020304657,0.022463896,0.022871067,0.015719769,0.031812244
2021/1/13,-0.0035,-0.004782358,-0.011590874,-0.004605431,0.002859944,-0.007086853
2021/1/14,-0.0072,-0.008738243,-0.017014708,-0.023754265,0.003635858,-0.008629328
2021/1/15,0.0028,0.006420969,-0.006187346,0.003113356,-0.007735726,0.016859363
2021/1/18,0.0238,0.01921198,0.00279221,0.01104904,0.031068742,0.01449744
2021/1/19,-0.0121,-0.010177277,-0.01540066,-0.013159032,-0.012019647,0.00315202
2021/1/20,0.0089,0.015997429,0.0155256,0.019860105,0.007084041,-0.010264554
2021/1/21,0.0064,0.018519694,0.018477271,0.020177065,0.012353806,0.004027963
2021/1/22,-0.0021,0.002594399,0.01504116,0.011513475,-0.008560862,-0.019384804
2021/1/25,-0.0032,0.004012129,0.021417574,0.003417267,-0.010003032,0.001098433
2021/1/26,-0.0179,-0.011899352,-0.021379686,-0.019162823,-0.01858461,-0.014629722
2021/1/27,0.0032,0.001950603,-0.00767098,0.009152375,0.007378831,0.005542291
2021/1/28,-0.0283,-0.026460765,-0.021744091,-0.028843902,-0.031194202,-0.01160453
2021/1/29,-0.0096,-0.01012649,-0.000453435,-0.011706309,-0.008728728,-0.007485414
2021/2/1,0.0208,0.022846528,0.01379086,0.001475419,0.009969064,0.01109703
2021/2/2,0.0191,0.018187904,0.021828004,0.022248455,0.008703332,-0.005371233
2021/2/3,-0.0058,-0.002033622,0.004655871,-0.006638066,-0.022512461,0.00109592
2021/2/4,-0.0125,-0.014446491,-0.000307955,-0.007835919,-0.01387711,-0.000178178
2021/2/5,-0.0052,-0.029323588,0.011013222,-0.012161625,-0.021596282,0.016860941
2021/2/8,0.0175,0.030021601,0.01494723,0.015538732,0.01097213,0.000977912
2021/2/9,0.025,0.035161199,0.023082687,0.028598282,0.02456989,0.005546214
2021/2/10,0.0103,0.014314324,0.03158851,0.015963731,0.016984222,-0.000427143
2021/2/18,-0.0049,0.035387802,-0.027628303,0.001013656,0.010455647,0.019805194
2021/2/19,-0.004,0.008958982,0.009258401,0.002911938,0.012166966,0.008418885
2021/2/22,-0.0258,0.021956089,-0.041935495,-0.023761394,-0.016513018,-0.01363272
2021/2/23,-0.0025,-0.013784204,-0.003496374,0.0003089,-0.005566938,0.005696302
2021/2/24,-0.0196,-0.027125619,-0.028079897,-0.024250696,-0.005677745,-0.010778174
2021/2/25,0.0144,0.001842895,-0.005055564,-0.002045953,-0.008376886,0.023065806
2021/2/26,-0.0197,-0.026562579,-0.017349983,-0.017516167,-0.011264245,-0.027261916
2021/3/1,0.0197,0.029429974,0.016591081,0.028322675,0.028944758,-0.001604093
2021/3/2,-0.0028,-0.017243073,-0.018133968,-0.001562767,-0.001089422,-0.009963804
2021/3/3,0.0077,0.025498864,0.018462025,0.007483676,0.008477531,0.033125516
2021/3/4,-0.0262,-0.022983055,-0.035896779,-0.031440619,-0.023480075,-0.010677995
2021/3/5,-0.0006,-0.013633218,0.002862514,0.000186008,0.009029915,-0.004499641
2021/3/8,-0.0394,-0.016239605,-0.044066655,-0.037048534,-0.023171145,-0.012999466
2021/3/9,-0.0288,-0.018507704,-0.021388609,-0.024165213,-0.031316294,-0.018131377
2021/3/10,0.0044,-0.001881035,0.015303725,0.006615874,-0.007006431,-0.005718905
2021/3/11,0.0168,0.036959303,0.025199268,0.027118394,0.016940633,0.026067311
2021/3/12,0.0023,0.007704029,0.000637214,0.011456626,-0.009147257,0.006400375
2021/3/15,-0.023,-0.000664522,-0.028030318,-0.019640842,-0.023567756,-0.002220064
2021/3/16,0.0089,-0.001763777,0.014930453,0.01301535,0.002362333,0.012668241
2021/3/17,0.0104,0.004853591,0.013588795,0.006344843,0.015592379,-0.012154351
2021/3/18,0.0164,0.008644309,0.017621196,0.009046455,-0.00180383,-4.84E-05
2021/3/19,-0.022,-0.020654756,-0.019372069,-0.015050271,-0.014817054,-0.023393944
2021/3/22,0.0092,0.007249442,0.005873399,0.018340734,0.01669624,0.016343994
2021/3/23,-0.0082,-0.028043844,-0.004402269,-0.015929473,-0.004074512,-0.001166518
2021/3/24,-0.0248,-0.031705597,-0.004774333,-0.018104265,-0.012900493,-0.010300299
2021/3/25,0.0128,0.011758462,0.001227398,-0.004174517,0.004598067,-0.006577971
2021/3/26,0.0304,0.021184384,0.024454227,0.029998573,0.020905037,0.008448839
2021/3/29,0.0019,0.009523039,0.005254199,0.005699992,-0.006067593,0.000535512
2021/3/30,0.0147,0.006188491,0.008169167,0.012937331,0.00016385,0.003722724
2021/3/31,-0.0113,-0.008129016,-0.008723697,-0.005317281,0.001849785,-0.005310951
2021/4/1,0.0132,0.010792654,0.017963746,0.008452181,0.012840918,0.001414669
2021/4/2,0.0058,0.001501969,0.019043067,0.004118389,0.018649347,-0.004637953
2021/4/6,-0.0028,0.00551435,-0.009142277,0.007934278,0.004957474,0.000247418
2021/4/7,-0.0054,0.009928391,-0.01166133,-0.003777434,-0.000610809,-0.002392708
2021/4/8,0.0074,0.003515508,0.00962814,-0.006883824,-0.003077755,-0.001427469
2021/4/9,-0.0025,-0.00265388,-0.011914742,-0.008250584,-0.007487757,-0.007591685
2021/4/12,-0.0342,-0.02370646,-0.017401106,-0.016946685,-0.020548342,-0.005591957
2021/4/13,0.005,-0.005624645,0.001756082,-0.003543179,0.002835558,-0.004804102
2021/4/14,0.0107,0.017480797,0.011033948,0.014713182,0.013979924,-0.000529911
2021/4/15,0.0015,0.002847045,-0.004701363,-0.004876459,-0.002877626,-0.009470134
2021/4/16,-0.0009,0.004905919,0.007543509,0.009052763,0.008491873,0.006093166
2021/4/19,0.026,0.022061356,0.018232169,0.029834369,0.028516268,0.014375595
2021/4/20,0.0008,-0.000678159,0.003787123,-0.000419181,-0.005857109,-0.002795782
2021/4/21,0.003,-0.005255541,0.009723022,-0.005635254,0.000262749,0.006192862
2021/4/22,0.0067,0.004398578,-0.000944396,0.001572005,0.010149401,-0.002791419
2021/4/23,0.0008,0.005846855,0.014839033,0.006846088,-0.003124191,-0.000551761
2021/4/26,-0.0042,0.002245453,-0.008814852,-0.008796203,-0.00383974,-0.01348036
2021/4/27,0.0031,-0.003475593,0.013175449,-0.00484223,-0.004246761,-0.000522698
2021/4/28,0.0009,0.008579446,0.00911657,0.014442366,0.001567032,-0.000179094
2021/4/29,-0.0043,0.002551789,0.003786216,0.001887746,0.000519204,0.017717855
2021/4/30,0.0026,-0.004334874,0.002657915,-7.26E-05,-0.007346581,-0.014329047
2021/5/6,-0.0049,0.019901839,-0.024576013,0.000394297,-0.009768171,-0.001087549
2021/5/7,-0.0169,0.011516945,-0.021961922,-0.016050758,-0.023986837,-0.000265442
2021/5/10,-0.0114,0.020647081,0.001677919,0.000664499,-0.003463629,-0.005357142
2021/5/11,-0.0094,-0.021893748,0.018581657,0.00175455,0.008144428,0.006958069
2021/5/12,0.0003,0.010043246,0.012883601,4.99E-03,0.009065487,0.000501325
2021/5/13,-0.0144,-0.027050434,-0.001417877,-0.011088468,-0.007146155,-0.004224424
2021/5/14,0.021,0.007010325,0.017807739,0.021783473,0.017669698,0.031866654
2021/5/17,0.0167,0.01368838,0.019674018,0.016362144,0.008510077,-0.004288644
2021/5/18,0.001,0.007743361,-0.001149011,0.004353392,0.002432148,0.002503581
2021/5/19,0.0029,4.74E-05,-0.00393669,0.007860066,0.004029074,-0.010182761
2021/5/20,0.0009,-0.017965718,0.009435903,-0.002742169,0.002799492,0.00934447
2021/5/21,-0.0039,0.003442551,-0.005580843,-0.003498706,-0.005542727,-0.012860601
2021/5/24,0.019,0.00040076,0.005748201,0.004098114,0.015208362,0.005548765
2021/5/25,0.0219,0.015153392,0.028108379,0.016754322,0.0228833,0.035708576
2021/5/26,-0.0024,0.007758582,0.002849397,-0.001094666,-0.006564078,0.005386259
2021/5/27,0.0107,0.006775859,0.005802924,0.007261866,0.017816275,-0.001714125
2021/5/28,-0.0035,0.003575392,-0.0108462,0.006248393,-0.004811009,0.0049709
2021/5/31,0.0091,0.017079122,0.006715159,0.017381598,0.012262496,-0.0046344
2021/6/1,0.0074,0.010760298,0.010032879,0.000433513,0.005924901,-0.009964607
2021/6/2,-0.0069,-0.00617492,-0.010810037,-0.005707805,-0.017467382,-0.004293996
2021/6/3,-0.0093,2.63E-05,-0.00237787,-0.008783039,-0.003253907,-0.004402468
2021/6/4,0.0059,0.002247895,0.006628053,0.005194021,0.007726995,0.007753649
2021/6/7,0.003,0.003205713,0.002426014,-0.003948037,0.020079334,-0.003573833
2021/6/8,-0.0052,-0.011748237,-0.017067295,0.000807606,-0.002566988,0.00146267
2021/6/9,0.0043,0.012387831,-0.000439289,0.003712654,0.003812364,-0.005281553
2021/6/10,0.0033,0.008205741,0.005972194,0.021853785,0.018522642,-0.002448964
2021/6/11,-0.0083,-0.000722673,-0.012400515,0.00674642,-0.007537657,-0.009752611
2021/6/15,-0.0073,-0.01611516,-0.009228682,-0.003571335,0.0023823,-0.01811737
2021/6/16,-0.0123,-0.023521026,-0.015623969,-0.026584662,-0.018848183,0.001828012
2021/6/17,0.0121,0.00265185,0.003863431,0.016263189,0.029971349,-0.002496958
2021/6/18,0.0093,0.00648602,-0.001182756,0.020113307,0.008536706,-0.003696047
2021/6/21,0.0092,0.002193865,0.002388328,0.016829458,0.010690809,-0.007660414
2021/6/22,0.0067,0.010160534,0.010400195,0.009469965,-0.001877708,0.007647251
2021/6/23,0.0095,0.013456089,0.003294549,0.007544736,0.018446293,0.002134143
2021/6/24,0.0026,-0.000415351,-0.005857715,0.002666373,-0.00824279,0.003452326
2021/6/25,0.0136,0.020217241,0.017833837,0.008303305,0.003223438,0.017067351
2021/6/28,0.0146,-0.0012061,0.015446224,0.009186775,0.012025839,-0.015024087
2021/6/29,-0.0096,-0.005997034,-0.010586624,-0.00402161,-0.010131471,-0.0097463
2021/6/30,0.009,0.008230619,0.004107766,0.012408208,0.020651972,0.0068973
2021/7/1,-0.0007,-0.011095547,0.0119798,-0.014954412,-0.017018551,0.005995571
2021/7/2,-0.0132,-0.00297268,-0.032084838,-0.013748864,-0.01579967,-0.025974887
2021/7/5,0.0098,0.022165753,-0.006338781,0.007759228,0.019324576,-0.00063803
2021/7/6,0.0002,0.008757271,-0.013580768,-0.00036927,-0.001115637,0.011475977
2021/7/7,0.0134,0.019275501,0.013025313,0.029290924,0.009733435,-0.002882999
2021/7/8,0.0005,-0.005061803,-0.018202785,0.004677376,0.013093102,-0.017002738
2021/7/9,0.0014,0.028323163,-0.005817159,0.003665218,-0.007745129,-0.004158585
2021/7/12,0.0192,0.024624855,0.015521312,0.01588184,0.024989839,0.002324091
2021/7/13,-0.0003,0.009601288,0.012049236,0.004982766,-0.006709658,0.002836375
2021/7/14,0.0019,-0.015972728,0.002255391,-0.016186491,-0.008450817,-0.016512846
2021/7/15,0.0033,0.020365081,0.005674085,0.008365696,-0.003215173,0.021360499
2021/7/16,-0.0018,-0.000556526,-0.013270498,-0.010815824,-0.003915436,-0.002585543
2021/7/19,-0.0008,-0.010109445,0.011352929,-0.002509579,0.002588841,-0.004077615
2021/7/20,0.0021,0.001588664,0.001823784,0.007211811,0.004868355,-0.009179132
2021/7/21,0.0163,0.026281316,0.001555111,0.023247904,0.016971906,0.0004484
2021/7/22,0.0155,0.021461361,-0.015864251,0.010014267,0.008820122,0.011291067
2021/7/23,-0.0126,-0.002255598,-0.024793658,-0.002368019,-0.015252812,-0.002010221
2021/7/26,-0.0146,-0.005680202,-0.042421151,-0.015130182,-0.010414212,-0.035059372
2021/7/27,-0.0174,-0.036300898,-0.034705132,-0.037516707,-0.004915396,-0.029622646
2021/7/28,0.0028,-0.017800168,0.012976276,-0.008020222,-0.020238433,0.002859482
2021/7/29,0.0214,0.039148094,0.010388956,0.043630835,0.03504134,0.002161976
2021/7/30,0,0.012498846,-0.016437361,0.006793829,0.007447444,-0.012002239
2021/8/2,0.0178,0.019720044,0.028032117,0.029568163,0.013450995,0.020543762
2021/8/3,-0.0074,-0.019520393,0.025201695,-0.015621849,-0.018190154,-0.000921715
2021/8/4,0.0153,0.033807104,-0.007524545,0.035823827,0.022145383,-0.006115029
2021/8/5,-0.0086,-0.009187744,-0.006251871,0.001543974,-0.006947088,-0.002818306
2021/8/6,0.0028,0.014857133,-0.016232353,0.003178218,-0.004126113,0.002107263
2021/8/9,0.0017,0.003383602,0.019852341,-0.00335827,0.002226955,0.026085529
2021/8/10,0.0068,-0.005176081,0.024011164,0.009173904,0.003677968,0.013971727
2021/8/11,0.0043,0.016081362,-0.014107533,0.005946804,-0.002325874,0.007223463
2021/8/12,-0.0005,0.012290143,-0.014931074,-0.00385004,0.006438271,-0.007836817
2021/8/13,0.0047,0.009380465,0.001988264,-0.003743173,-0.021967258,-0.000376233
2021/8/16,-0.0038,-0.015366922,0.006527855,-0.012399244,-0.001070383,0.005314801
2021/8/17,-0.0176,-0.017613819,-0.03508491,-0.017179418,-0.029983918,-0.008212731
2021/8/18,-0.0023,0.009234364,0.001278907,0.005046269,0.004271025,0.041449823
2021/8/19,0.0099,0.000482404,-0.0033697,0.007675402,0.01051707,-0.020703672
2021/8/20,-0.0117,0.002653321,-3.78E-02,-0.006459436,-0.00192467,-0.004033148
2021/8/23,0.0127,0.021390042,0.013990022,0.032374767,0.0245188,0.0010107
2021/8/24,0.0059,0.017619913,0.016745649,0.007949386,0.002929308,0.007620639
2021/8/25,0.0011,0.015412344,0.01204878,0.01283174,-0.005076492,-0.009459822
2021/8/26,-0.0111,0.0045349,-0.027327715,-0.011824359,-0.01711383,-0.015090879
2021/8/27,0.0007,0.016569904,-0.001862208,0.007267572,0.000968379,0.003983671
2021/8/30,-0.0026,0.019929072,-0.004348068,0.013465034,-0.003864959,-0.017587802
2021/8/31,-0.0073,0.018711858,-0.0098333,-0.00427861,-0.013875009,0.014959055
2021/9/1,-0.0092,-0.025520125,0.020206351,-0.012910477,0.002246882,0.030894931
2021/9/2,0.0062,0.026570512,-0.014668428,0.018825642,-0.007236513,0.011354031
2021/9/3,-0.0108,-0.023630402,0.012125635,-0.012332461,0.003034441,7.66E-05
2021/9/6,0.0148,0.012065434,0.029794418,0.01488244,0.01861873,0.006666947
2021/9/7,0.0062,0.035404967,0.003323785,0.013581747,0.006557409,0.017846229
2021/9/8,-0.0003,0.007046675,-0.006416173,-0.007903453,0.011641321,-0.0007755
2021/9/9,-0.0046,0.023540768,-0.002250919,0.004482478,-0.012365644,-0.003879607
2021/9/10,-0.0045,0.004354805,0.003379492,-0.000295281,0.01278288,0.014712522
2021/9/13,-0.0039,0.02710862,-0.007651446,-0.006956922,-0.012022073,0.002757439
2021/9/14,0.0021,-0.014257274,-0.003486461,-0.001099698,-0.004334108,-0.02801244
2021/9/15,-0.0071,0.008149161,-0.015074675,0.007365658,-0.004735546,-0.006524824
2021/9/16,-0.0107,-0.024309379,0.002001048,-0.028911744,-0.019797316,-0.014572287
2021/9/17,-0.0015,-0.013771721,0.025138503,0.005841626,7.66E-05,0.004163355
2021/9/22,0.0042,0.009035574,-0.011873716,0.010783186,-0.001961908,-0.010061164
2021/9/23,0.0057,-0.006136805,0.005571189,0.006982398,0.015529493,0.007446697
2021/9/24,-0.0085,-0.033306754,0.013339137,-0.002540185,-0.00402858,-0.009083687
2021/9/27,-0.018,-0.045336425,0.025787527,-0.013056087,-0.006203116,-0.009745523
2021/9/28,0.0056,0.001306488,-0.006499495,0.001142034,-0.002487352,0.018171639
2021/9/29,-0.0136,-0.038585602,-0.009523558,-0.021384091,-0.022178664,-0.001252701
2021/9/30,0.02,0.027470446,0.012558479,0.021698674,0.017522307,-0.00591917
2021/10/8,-0.0029,-0.009010641,0.01902012,-0.000319451,0.015003837,0.018666175
2021/10/11,0.0055,0.00213554,-0.005292765,-0.007588881,1.06E-05,0.011466301
2021/10/12,-0.0129,-0.026902208,-0.002002081,-0.017938625,-0.021767417,-0.008185728
2021/10/13,0.0097,0.004459354,0.020225374,0.017671458,0.011989106,-0.001877326
2021/10/14,0.0055,0.007977319,-0.009157267,0.011885564,0.001494238,-0.008305839
2021/10/15,0.0089,0.008254071,-0.007688879,0.009225713,0.009397941,0.002029932
2021/10/18,-0.005,0.024770248,-0.024602247,0.014172186,-0.008666502,-0.006952292
2021/10/19,0.0017,0.008007874,0.01511669,0.004069022,0.008831972,0.007716616
2021/10/20,-0.0018,-0.003009531,-0.00455882,0.011010238,-0.002316378,-0.005256551
2021/10/21,0.0109,0.00757398,0.000560882,-0.008344367,-0.009011262,0.01918826
2021/10/22,-0.0054,-0.018659652,0.011793058,-0.006111705,0.007977176,0.003333109
2021/10/25,-0.0022,0.017868479,-0.003447669,0.022767539,0.002488887,0.001174613
2021/10/26,0.0032,-0.00034225,-0.006500734,-0.002377222,0.005411443,-0.007845366
2021/10/27,-0.0049,-0.009467134,-0.019895531,0.005798591,-0.015462165,-0.014150102
2021/10/28,-0.0104,-0.032678089,-0.000346572,-0.013821893,-0.006150004,-0.008390504
2021/10/29,0.0051,0.008977304,0.016266828,0.020971315,0.020324127,-0.005333965
2021/11/1,0.0093,-0.001361839,-0.007003503,0.002144236,0.016670422,0.00665546
2021/11/2,-0.0025,-0.01989322,-0.007501658,-0.002168105,0.000817593,-0.022225145
2021/11/3,0.0047,0.002048836,0.002372557,-0.00977037,0.003321923,0.00239394
2021/11/4,0.0055,0.002744546,0.01541188,0.020173303,0.014685365,-0.002528021
2021/11/5,-0.0103,-0.025186106,-0.002093593,-0.012675007,0.006542732,-0.004155
2021/11/8,0.0067,0.021353785,-0.009524202,0.013838218,-0.003667376,0.003628569
2021/11/9,0.0062,0.007060921,0.001457832,0.007968365,0.012579475,0.000855631
2021/11/10,0.0099,-0.009812059,0.000422737,-0.007795841,0.005160256,0.000539629
2021/11/11,0.0182,0.012035061,0.006755065,0.004949064,0.013910095,0.034175441
2021/11/12,0.0116,0.002334399,-0.000489663,0.010638302,0.006257423,-0.005844673
2021/11/15,-0.0003,-0.014493702,0.01178232,-0.012360489,0.004145601,-0.000321359
2021/11/16,-0.0012,-0.014018197,0.016889363,-0.011161322,-0.006723627,-0.007699418
2021/11/17,0.0037,0.020059601,-0.001880046,0.017169585,0.008632188,-0.003662668
2021/11/18,-0.0046,0.005957677,-0.012230123,0.002014606,-0.015437215,-0.00988205
2021/11/19,0.0151,0.013087595,0.005592189,0.013902126,0.013385533,0.016708517
2021/11/22,0.0046,0.020228324,0.001232525,0.019621005,0.021489445,-0.00590507
2021/11/23,0.0006,0.000986094,0.002940181,-0.00177779,-0.002808611,0.002783961
2021/11/24,0.0013,0.002541364,0.010047505,-0.009424801,0.000697347,0.001054537
2021/11/25,0.0012,-0.00153227,0.003504251,-0.00483091,-0.004552425,-0.00410574
2021/11/26,-0.0024,0.006524371,-0.003971175,0.001719415,-0.011283368,-0.008872366
2021/11/29,0.0046,0.003376903,0.002557948,0.010088873,0.001481269,-0.006500536
2021/11/30,0.0003,-0.000190713,-0.00706541,0.003808043,0.010528884,-0.001898367
2021/12/1,0.0025,0.006090915,-0.001061289,-0.002059559,0.00600697,0.010585852
2021/12/2,-0.001,0.001743985,-0.005119724,-0.001981981,-0.011562181,0.005733592
2021/12/3,0.0077,0.008173697,0.011707711,0.007722254,0.009806108,0.005940371
2021/12/6,-0.0108,-0.006696347,-0.008070868,-0.01186515,-0.014626515,0.006797945
2021/12/7,-0.0053,-0.006795236,0.005263684,-0.009379504,-0.009128995,0.009079041
2021/12/8,0.0067,0.012505883,0.01931163,0.017007366,0.025684545,0.004524859
2021/12/9,0.004,-0.000152669,0.020394952,0.00135115,0.012466009,0.015174601
2021/12/10,0.0017,0.004963402,-0.002769436,0.004044245,-0.002221857,-0.005564568
2021/12/13,-0.0011,0.010141564,0.002190799,0.008535986,0.011853348,-0.00308255
2021/12/14,-0.0044,-0.016047934,0.002915342,-0.003821946,0.005585356,-0.0101937
2021/12/15,0.0009,-0.003196789,-0.015725089,-0.000252714,-0.006329603,0.001387463
2021/12/16,0.0028,0.015309271,-0.000238993,0.008705593,0.004575805,0.007284046
2021/12/17,-0.0072,-0.010831713,-0.014824481,-0.015620722,-0.016486473,-0.006627337
2021/12/20,-0.0117,-0.018755153,-0.003712991,-0.024465463,-0.020485761,-0.004345705
2021/12/21,0.0106,0.008482866,0.006831,0.008085815,0.014624357,0.013974387
2021/12/22,0.0038,0.004770539,0.005795622,0.000904605,0.015678643,-0.009781159
2021/12/23,-0.0003,0.002731296,0.004487038,0.011794603,0.000819784,-0.001871686
2021/12/24,-0.0079,-0.023936228,0.01055243,-0.021545565,-0.007202403,-0.00604016
2021/12/27,0.0006,0.00244071,0.003588911,-0.001895297,-0.003680691,-0.000437784
2021/12/28,0.0088,0.010671986,0.006040683,0.009346374,0.007388293,0.005411656
2021/12/29,-0.0012,-0.00050918,-0.018866276,-0.003743853,-0.010678986,-0.010343277
2021/12/30,0.0106,0.001800816,0.008839262,0.005929691,0.02033045,0.006532266
2021/12/31,0.0053,0.009571045,0.004340719,0.008541991,0.003828058,0.003179851
2022/1/4,-0.0104,-0.005418586,0.001016531,-0.011060392,0.007608762,0.00324382
2022/1/5,-0.0179,-0.018446299,-0.008151193,-0.024956231,-0.021321806,0.008041566
2022/1/6,-0.0036,0.012850311,-0.005585133,-0.000269834,-0.007780138,-0.010735767
2022/1/7,0.0012,-0.006720923,-0.007992651,-0.011061465,-0.013949185,0.014797492
2022/1/10,0.0012,0.006107917,0.010656472,-0.001610075,0.006934724,0.003867797
2022/1/11,-0.0116,-0.005942193,-0.008505499,-0.011209358,-0.020071111,0.004702333
2022/1/12,0.0138,0.015631309,0.011343296,0.021272808,0.011782369,-0.00187902
2022/1/13,-0.018,-0.01451723,-0.024042585,-0.013478549,-0.014907173,-0.004885445
2022/1/14,0.0023,-0.006685163,0.002029333,0.001350195,0.005908072,-0.023779891
2022/1/17,0.0131,0.005604483,0.004007297,0.014400396,0.034309845,0.003644069
2022/1/18,0.0055,0.008573487,-0.004090941,0.000287413,0.002590695,0.013959059
2022/1/19,-0.0116,-0.006876212,-0.006570117,-0.013567822,-0.005654007,0.005085143
2022/1/20,-0.0144,-0.011199459,0.004928447,-0.011967553,-0.012774153,0.017500096
2022/1/21,-0.0122,-0.006752232,-0.011981279,-0.008727338,-0.014654264,-0.005653898
2022/1/24,0.0119,0.010450853,-0.007285617,0.006846325,0.006732684,-0.002308435
2022/1/25,-0.0227,-0.029595386,-0.024938993,-0.029401031,-0.037824399,-0.024120969
2022/1/26,-0.0014,0.009242379,-0.001467403,0.01500625,0.003574357,0.007275907
2022/1/27,-0.0234,-0.01979472,-0.01813528,-0.026355507,-0.038328949,-0.012992032
2022/1/28,-0.0006,-0.009731117,-0.004998015,-0.001128091,-0.001704783,-0.011066858
2022/2/7,0.0033,0.03360298,0.006494264,0.014765621,0.000264998,0.025272915
2022/2/8,-0.0182,0.008731356,-0.003778319,-0.006030644,-0.003117062,0.014804293
2022/2/9,0.0053,0.011285939,0.020798151,0.011295794,0.021017359,-0.001378384
2022/2/10,-0.0148,0.006526938,-0.003307691,-0.012846859,-0.00496595,0.008050335
2022/2/11,-0.0234,-0.004818999,-0.01670212,-0.021568525,-0.018878374,0.00871682
2022/2/14,-0.0033,-0.005666124,0.003099181,-0.00311261,-0.00426182,-0.030275369
2022/2/15,0.0284,0.008015818,0.015137593,0.018722301,0.02028701,-0.007694409
2022/2/16,0.0063,0.010967213,0.004820979,0.004443445,6.65E-05,0.008109415
2022/2/17,0.0036,0.013423352,-0.004664776,0.007820692,-0.000899856,-0.003213504
2022/2/18,0.01,0.008326192,0.008330358,-0.002154646,0.00505473,0.013361302
2022/2/21,-0.0029,-1.26E-05,0.003305406,0.00035655,0.013264762,-0.002129666
2022/2/22,-0.003,5.08E-05,-0.020079159,-0.008764201,-0.013322852,-0.010518486
2022/2/23,0.025,0.010928622,0.010085251,0.024052942,0.03158762,-0.001811934
2022/2/24,-0.0138,-0.015789586,-0.024904455,-0.014292559,-0.028183577,-0.020624008
2022/2/25,0.0181,0.005777612,0.018592463,0.014792988,0.008174589,-0.002046255
2022/2/28,0.0008,0.010668459,-0.000922758,0.008344562,0.001117872,-0.002604876
2022/3/1,0.0056,-0.003801438,1.44E-02,0.005914259,0.003219506,0.010047005
2022/3/2,-0.0067,4.07E-05,-0.00518165,-0.005156025,-0.008413879,-0.003650521
2022/3/3,-0.0073,0.001577394,-0.009351305,-0.008224762,-0.016800349,0.006503548
2022/3/4,-0.0113,-0.016642365,-0.004361565,-0.016461226,-0.008593035,-0.011875284
2022/3/7,-0.0253,-0.012865282,-0.032298509,-0.028368663,-0.034138694,-0.019018194
2022/3/8,-0.0129,-0.035442733,-0.025381165,-0.023228512,-0.015963817,-0.023696199
2022/3/9,-0.0123,-0.013726677,-0.011912002,-0.00404363,-0.004354433,-0.022052612
2022/3/10,0.0192,0.021592548,0.026330348,0.025469253,0.009350084,0.004629347
2022/3/11,-0.0003,-0.00296336,0.016572479,3.07E-05,0.005421517,0.009362499
2022/3/14,-0.0281,-0.028147485,-0.027848543,-0.029852255,-0.030755162,-0.021698913
2022/3/15,-0.0508,-0.051138553,-0.04866045,-0.043186948,-0.042463765,-0.049221498
2022/3/16,0.0369,0.035201867,0.029605429,0.045401547,0.042114759,0.04453803
2022/3/17,0.0365,0.01729621,0.030136088,0.013221203,0.021319282,0.013446469
2022/3/18,-0.0059,0.012851741,0.008471996,0.002095921,-0.001028539,0.0263738
2022/3/21,0.001,0.009703795,0.009095453,0.006794785,0.002884414,-0.013114959
2022/3/22,-0.0102,0.004117574,-0.009701812,-0.006503291,-0.003752261,0.015795564
2022/3/23,0.0182,0.001007376,0.011417421,0.006347758,0.005299534,-0.000276474
2022/3/24,0.0021,-0.001764808,0.000420135,-0.012851248,-0.021156524,-0.003532917
2022/3/25,-0.0268,-0.010893109,-0.018248806,-0.01935934,-0.011560591,-0.00512426
2022/3/28,-0.011,-0.001469969,-0.009691929,-0.008500852,-0.004700483,0.006420708
2022/3/29,-0.0064,0.001337396,0.001604446,-0.005881477,-0.017300831,-0.00563778
2022/3/30,0.042,0.019510509,0.026268281,0.027685454,0.022697234,0.029424178
2022/4/1,0.004,-0.010706939,0.00678942,0.006802624,0.002257559,0.018928054
2022/4/6,-0.0096,0.005226248,-0.001393121,-0.009075825,-0.010450312,0.012996891
2022/4/7,-0.0141,0.005689539,-0.015618954,-0.01847702,-0.023701781,-0.019209301
2022/4/8,0.0011,-0.009110712,-0.00963263,0.00044414,-0.010261119,0.013447736
2022/4/11,-0.0331,0.013316706,-0.021423004,-0.040756224,-0.045040489,-0.024744139
2022/4/12,0.019,-0.028388953,0.03111312,0.020859876,0.018800067,0.00723758
2022/4/13,-0.011,0.004414318,-0.017589421,-0.01384248,-0.025729146,-0.005941105
2022/4/14,0.0171,-0.00300813,0.022466847,0.004914003,0.011880119,0.009946221
2022/4/15,-0.0024,0.013624156,-0.001986113,-0.009682151,-0.009199237,0.006569431
2022/4/18,-0.0006,-0.017120256,-0.001009908,0.013139956,0.019118065,-0.028713297
2022/4/19,-0.0167,-0.005257933,-0.007166911,-0.001479809,-0.008862161,-0.004119772
2022/4/20,-0.0171,0.009557095,-0.00364904,-0.019089885,-0.008755243,-0.019221543
2022/4/21,-0.0233,-0.032810688,-0.025927337,-0.033659136,-0.02848178,-0.005181002
2022/4/22,0.0054,-0.039054894,-0.003190417,-0.00169343,-0.017592847,0.011544029
2022/4/25,-0.057,-0.000386667,-0.050923622,-0.065946159,-0.074415717,-0.043105167
2022/4/26,0.0016,-0.066407139,-0.001304844,-0.02217093,-0.03031479,-0.015310122
2022/4/27,0.0447,-0.021765488,0.023069246,0.049142253,0.051262877,0.00172997
2022/4/28,0.0059,0.05332004,-0.001445348,0.001550162,-0.013202979,0.007412965
2022/4/29,0.0332,0.008044026,0.022134027,0.037167649,0.051363189,0.018804153
2022/5/5,-0.0026,0.034478758,0.012287698,0.007896899,0.000330677,-0.006032291
2022/5/6,-0.0208,0.012308106,-0.020277761,-0.017321398,-0.018047041,-0.02727799
2022/5/9,-0.0149,-0.021815784,-0.001511404,0.004122563,-0.000328518,-0.00318776
2022/5/10,0.0233,0.005797118,0.010209532,0.018641977,0.022300921,0.00881459
2022/5/11,0.0294,0.011014183,0.008563048,0.019999545,0.017644056,-0.002113131
2022/5/12,0.0038,0.013558304,0.005510366,-0.000910747,0.004468251,-0.006519834
2022/5/13,0.0008,-0.004420953,0.002180858,0.013267629,-0.001882881,0.014467032
