日期,小盘价值,小盘成长,大盘价值,大盘成长,中盘价值,中盘成长
2018/1/3,2.7642,2.2242,1.9571,2.5487,2.649167856,2.115570774
2018/1/4,1.8834,1.5878,0.1482,2.0044,1.122268326,1.106847303
2018/1/5,1.4358,0.6069,1.0014,0.8499,0.876820921,-0.190719014
2018/1/8,1.5051,0.3246,1.2785,1.0069,1.473523708,-0.200393045
2018/1/9,1.2382,0.2332,1.0216,1.3961,0.810502273,0.106276254
2018/1/10,-0.4629,-0.5955,1.7183,0.7424,-0.834109005,-0.637255367
2018/1/11,-0.8792,-0.1342,1.1278,-0.0791,-0.914919985,-0.148524151
2018/1/12,-0.2506,-0.0059,0.9222,0.3824,-0.115807479,0.157435841
2018/1/15,-1.6173,-2.443,2.4637,-0.2933,-1.404408054,-2.611649595
2018/1/16,0.0457,-1.5853,2.1584,0.0117,0.356101896,-1.851306944
2018/1/17,1.0687,0.1346,0.8645,0.9557,1.106963767,-0.084628734
2018/1/18,0.3524,0.0242,1.235,0.373,-0.332092673,-0.821264117
2018/1/19,0.8329,-0.1347,1.2646,0.7775,0.622731686,-0.457996246
2018/1/22,0.9744,1.0147,1.0883,2.5744,0.924298074,1.406110699
2018/1/23,1.3363,1.5461,2.4609,3.0204,1.537229816,1.712065989
2018/1/24,0.321,0.8859,1.4576,1.6134,0.954402245,1.571970584
2018/1/25,-0.2386,0.4463,-0.7828,-0.2572,0.229024327,0.934342421
2018/1/26,-0.1527,-0.2536,0.0534,-0.6836,0.540606217,-0.191126057
2018/1/29,-0.6122,-1.0074,-0.6718,-1.7293,-0.279972161,-1.152996937
2018/1/30,-0.8006,-1.0537,-3.0851,-3.0819,-1.26878608,-1.570347654
2018/1/31,-1.2226,-1.4894,-0.4491,-1.2395,-1.395544516,-2.03051823
2018/2/1,-4.0158,-4.3718,1.9121,-1.0818,-3.718816545,-4.951677882
2018/2/2,-2.2319,-2.9517,1.1647,-0.3577,-1.787837247,-2.852639461
2018/2/5,1.0405,-0.723,1.7408,-0.5811,2.171577669,-0.239838932
2018/2/6,-4.2465,-4.5673,-1.0473,-5.015,-3.426685645,-4.624610954
2018/2/7,-5.469,-3.7002,-5.4394,-6.279,-5.565334476,-4.287417809
2018/2/8,-0.2962,1.3787,-5.6881,-1.8588,-1.329874391,1.214403232
2018/2/9,-3.8055,-1.8355,-6.8209,-3.765,-5.476936826,-1.635075488
2018/2/12,-1.97,-0.1699,-4.1804,-2.1289,-3.715398273,-0.563261148
2018/2/13,3.536,3.3207,1.9876,3.1893,2.567852036,2.794326497
2018/2/14,1.6917,0.6634,2.7511,1.687,1.330770401,0.261314171
2018/2/22,2.7769,1.9096,2.9421,2.9154,2.420040413,2.043926638
2018/2/23,2.5361,1.7479,2.6348,2.0848,2.621573957,2.065714825
2018/2/26,2.0672,2.4202,1.2418,2.0541,2.046664403,2.165920971
2018/2/27,0.5459,2.4395,-1.6731,0.3469,0.050449969,2.101355003
2018/2/28,-1.0918,0.2651,-3.4719,-1.9876,-1.092783954,0.119325025
2018/3/1,0.5567,1.3027,-1.0059,0.4581,0.643279582,1.471179296
2018/3/2,-0.1194,0.5225,-0.3083,-0.2049,-0.21442644,0.545223092
2018/3/5,-1.4549,-0.4256,-0.7378,-0.8878,-0.928273285,-0.12982514
2018/3/6,1.2863,1.2714,0.9381,1.256,1.664846839,1.648850516
2018/3/7,0.9218,0.3922,0.8232,-0.0503,0.956493115,0.553858691
2018/3/8,-0.569,-0.3913,0.7994,-0.1291,0.068261398,0.33087946
2018/3/9,1.3109,1.9742,1.3263,2.5232,1.58897053,2.557162539
2018/3/12,1.8443,3.0506,0.3155,2.4872,1.416201994,3.202969906
2018/3/13,0.5839,0.8382,-0.6043,0.1779,0.05986933,0.737494873
2018/3/14,-0.9933,-1.739,-1.2345,-1.5234,-1.416272424,-1.917706995
2018/3/15,-0.9314,-1.5175,-0.0144,-0.1335,-0.797253982,-0.937206607
2018/3/16,-0.9024,-0.7897,-0.1903,-0.9832,-0.584993292,-0.580590298
2018/3/19,-1.0889,-0.2894,-0.3417,-1.6249,-0.990749338,-0.16931391
2018/3/20,-0.5536,0.5574,0.6482,-0.1876,-0.338262371,1.232310471
2018/3/21,-0.5055,-0.5237,-0.2075,-0.5973,-0.142329355,-0.247932433
2018/3/22,-1.1345,-1.4678,-1.3608,-1.7689,-0.970085126,-1.357760567
2018/3/23,-5.5267,-5.4174,-3.2364,-4.9261,-4.741114411,-4.801444391
2018/3/26,-3.8284,-2.8248,-4.4017,-3.7381,-3.631164576,-2.113606962
2018/3/27,2.6403,4.5208,-2.1455,1.5256,2.117655268,4.832362049
2018/3/28,-0.0658,1.4395,-1.6252,-0.5021,0.144605077,1.606150448
2018/3/29,0.2227,-0.0588,0.3848,-0.4906,0.039578515,-0.658142038
2018/3/30,2.0102,2.4449,1.3031,1.8777,1.932877124,2.379348859
2018/4/2,0.4736,1.8658,-1.3273,-0.346,0.278482379,2.134982634
2018/4/3,-1.042,-0.8638,-1.1233,-1.0136,-1.161752198,-0.927504798
2018/4/4,-1.6305,-2.0926,-0.5685,-0.5124,-1.570255597,-2.071639577
2018/4/9,-0.7666,-0.8192,0.0414,-0.6672,-1.141991333,-1.218864222
2018/4/10,1.2902,0.6287,2.7819,1.4151,1.135833122,0.395607708
2018/4/11,2.1877,1.2426,3.0859,2.325,2.147519228,0.77464267
2018/4/12,-0.0837,0.3072,-0.958,-0.785,-0.192707175,0.228567798
2018/4/13,-1.0682,-0.8934,-2.0491,-1.8526,-1.112755857,-0.430060626
2018/4/16,-1.5118,-0.6227,-3.2293,-2.6571,-1.699746324,-0.232088721
2018/4/17,-2.8555,-2.3348,-3.3512,-3.3236,-2.901181266,-2.508580406
2018/4/18,-1.2223,-0.8876,-0.2579,-0.8723,-0.829512978,-1.017585576
2018/4/19,1.5328,1.5979,1.76,2.3375,1.469208689,2.004690739
2018/4/20,-1.4161,-2.0337,0.2498,-0.3522,-1.302633459,-1.018126925
2018/4/23,-2.6429,-3.6196,-0.2107,-1.3452,-2.205433026,-2.325263456
2018/4/24,2.1126,1.1528,2.8164,3.1216,1.710948647,1.34223535
2018/4/25,2.1079,2.5594,1.1089,2.1143,1.703905471,2.780312215
2018/4/26,-2.1031,-1.7724,-2.683,-3.1652,-1.6674133,-1.462150995
2018/4/27,-1.6412,-1.4226,-1.9635,-3.0834,-1.121544763,-1.081991027
2018/5/2,0.8487,0.0809,-0.1389,0.1658,0.419859682,0.51422294
2018/5/3,1.3334,0.5301,0.6237,1.9267,0.930628871,0.365173735
2018/5/4,0.7833,0.4543,-0.2354,0.8607,0.997252017,0.902189488
2018/5/7,2.3557,1.5123,0.3443,0.8162,1.769641795,1.819963543
2018/5/8,2.8197,2.2231,2.7236,2.795,2.069909642,1.273496583
2018/5/9,0.387,-0.122,1.5009,0.8266,0.268700355,-0.45381333
2018/5/10,0.3147,-0.0209,0.1863,0.2818,0.328684051,0.037741882
2018/5/11,-0.1032,-0.5478,0.1213,-0.0846,-0.235766731,-1.370248604
2018/5/14,-0.877,-1.7912,0.9144,0.7409,-0.662320014,-1.449658978
2018/5/15,0.6566,0.1685,1.0072,1.6871,1.03097421,1.592957151
2018/5/16,0.8821,0.3972,-1.3294,-0.4295,0.613276613,1.308558667
2018/5/17,-0.3408,-1.1873,-1.8284,-1.5552,-0.452881438,-0.816608982
2018/5/18,0.6405,-0.0884,0.7593,-0.1572,0.169322644,-0.684331112
2018/5/21,1.8569,1.6955,1.5508,1.6232,1.112777233,1.033689069
2018/5/22,1.2792,1.6776,-0.7141,0.1625,0.797304878,1.557250312
2018/5/23,-1.371,-0.8187,-2.3024,-2.2479,-1.147973911,-0.269899844
2018/5/24,-2.0396,-1.7765,-2.151,-2.5548,-1.649626784,-1.133021888
2018/5/25,-1.1075,-2.102,-0.7595,-2.0064,-1.157905892,-1.551997206
2018/5/28,-0.7409,-2.294,0.3623,-0.3709,-1.123321387,-1.314320418
2018/5/29,-1.1081,-1.5997,-0.0235,-0.2352,-1.017182736,-1.78282107
2018/5/30,-3.3785,-3.4097,-2.5939,-3.3623,-3.432537369,-4.015426177
2018/5/31,-0.3561,-1.2264,-0.2559,0.0316,-1.194160221,-0.986354226
2018/6/1,0.6169,-0.1678,1.5596,1.701,1.005629761,-0.144364073
2018/6/4,-1.1633,-2.0966,1.2139,-0.273,-0.583014311,-1.892385589
2018/6/5,1.1642,1.0598,2.0732,1.9182,1.256424417,1.699492025
2018/6/6,0.7701,1.7393,-0.0439,0.8769,1.209852297,2.030670902
2018/6/7,-0.4851,-0.8179,-0.4023,-0.4433,-0.41501856,-1.005634487
2018/6/8,-1.5609,-1.8898,-1.4318,-1.2365,-2.134283249,-2.021828322
2018/6/11,-2.0549,-1.8496,-0.9268,-0.9336,-1.9113909,-1.930934264
2018/6/12,0.7897,0.3239,1.5376,1.4639,0.951330587,0.125248053
2018/6/13,0.3259,-0.2101,0.6063,-0.2605,0.059096947,-0.529244579
2018/6/14,-1.5923,-2.0254,-0.3522,-2.0876,-1.508659014,-1.976992807
2018/6/15,-1.5977,-2.5439,0.3602,-1.4249,-1.51469254,-2.465979214
2018/6/19,-7.2375,-7.9065,-1.7594,-5.398,-6.514652929,-6.76803268
2018/6/20,-4.6099,-4.9802,-2.5648,-4.3788,-4.508722925,-3.548374188
2018/6/21,0.3279,-0.9159,-1.053,-1.6547,-0.064622089,-1.027865749
2018/6/22,-0.0254,-0.8244,-0.7351,-1.0103,-0.054036358,-1.014506224
2018/6/25,0.6785,0.5335,-2.0653,-0.3324,-0.016584392,0.589678487
2018/6/26,-0.8927,-0.0487,-3.4272,-1.1626,-1.765320975,-0.444715932
2018/6/27,-1.5462,-0.4785,-3.389,-1.9742,-1.826536999,-1.39779646
2018/6/28,-2.4904,-2.2858,-2.8186,-2.6099,-2.268284252,-2.53860995
2018/6/29,1.12,2.405,1.178,2.5113,1.424755839,2.633138767
2018/7/2,0.4696,2.1694,-1.9824,0.0769,0.538017424,2.035030294
2018/7/3,-1.5568,-0.4853,-3.7591,-2.7978,-1.368794713,-1.009380936
2018/7/4,-0.6549,-0.9111,-0.5975,-2.2921,-0.545880511,-1.402669732
2018/7/5,-3.559,-4.259,-0.4916,-3.4184,-3.749362329,-4.46293905
2018/7/6,-2.4409,-2.4796,1.1919,-0.0486,-2.378783816,-2.059707478
2018/7/9,2.4679,2.4425,3.7504,4.1528,2.586180068,3.502676552
2018/7/10,3.0097,2.863,2.8721,3.5438,3.346845051,3.245209829
2018/7/11,-1.1458,-1.678,-1.6897,-1.461,-0.767806983,-1.268881218
2018/7/12,0.606,0.6108,-0.236,0.7248,0.506716736,1.130441237
2018/7/13,3.1732,3.4981,1.2202,3.1219,2.641822279,3.75808703
2018/7/16,0.5755,0.7483,-1.5253,-0.0042,0.156021812,0.797184986
2018/7/17,-0.4526,0.0153,-1.9866,-1.1034,-1.104587911,-0.128822782
2018/7/18,-0.5688,-0.3967,-1.0758,-1.5973,-1.093283716,-1.104486407
2018/7/19,-0.909,-1.5935,-0.0614,-0.8028,-0.63498039,-2.142928583
2018/7/20,0.3324,-0.1595,3.161,1.7579,0.809296354,0.421082789
2018/7/23,1.8275,1.7101,4.5278,2.8252,2.38272452,1.659434142
2018/7/24,2.8655,1.9258,3.0692,2.7669,3.263988265,1.641002719
2018/7/25,1.9635,1.5243,1.3369,0.7921,2.189091464,1.868741333
2018/7/26,-0.2731,-0.6835,-0.9596,-2.1369,-0.344826582,-0.896553077
2018/7/27,-0.4822,-1.3348,-1.4416,-2.018,-0.57052338,-2.093256493
2018/7/30,-1.2151,-2.2399,0.4736,-1.1059,-0.578191547,-2.691659621
2018/7/31,-0.8329,-1.8582,1.1183,-0.4956,-0.189030887,-1.555605567
2018/8/1,-1.8439,-1.9567,-2.0191,-2.15,-1.231285634,-1.081892277
2018/8/2,-3.748,-4.0109,-4.2003,-4.7936,-3.204435344,-3.489790231
2018/8/3,-2.9947,-3.7744,-3.1158,-4.9054,-2.522563402,-3.755631651
2018/8/6,-2.8937,-3.7537,-1.3271,-3.9153,-2.897635839,-4.852720734
2018/8/7,0.8467,0.1574,2.7253,1.3162,0.793379133,-0.678721175
2018/8/8,1.3494,0.4007,1.6635,1.034,1.857243668,0.599198552
2018/8/9,0.562,0.8215,0.7203,0.929,0.781909752,1.255669361
2018/8/10,2.2429,3.5676,1.7828,3.5309,1.932929988,4.125755737
2018/8/13,0.3833,1.4087,-1.2848,0.5447,0.257613699,1.804901669
2018/8/14,-0.3178,0.0783,-1.5569,-0.8756,-0.152883823,0.234559719
2018/8/15,-2.5724,-2.834,-2.7096,-3.2876,-2.41631707,-3.47787054
2018/8/16,-3.2907,-3.4484,-2.5026,-2.6855,-3.103639782,-3.512540776
2018/8/17,-2.5466,-3.0778,-1.3761,-2.0115,-2.246165512,-2.788129627
2018/8/20,-1.2209,-2.0367,0.3844,-0.5588,-0.645227434,-1.668450225
2018/8/21,1.5889,1.2479,2.9777,2.9458,1.727375645,1.792478552
2018/8/22,0.3292,0.0106,1.369,0.7027,0.479844905,0.173278299
2018/8/23,-0.6846,-0.5127,0.0402,-0.7535,-0.621741915,-0.508827863
2018/8/24,0.1557,0.6705,0.8192,-0.0418,-0.215192678,0.636405005
2018/8/27,1.9505,2.3849,2.5877,2.2621,1.726804552,2.498816255
2018/8/28,2.113,2.6269,1.778,2.3984,1.904678878,2.968704777
2018/8/29,-0.6092,-0.9457,-0.619,-0.8623,-0.672273176,-0.60060136
2018/8/30,-1.6854,-2.6091,-1.2609,-1.9713,-1.91091187,-2.486427917
2018/8/31,-1.9461,-3.0255,-0.6905,-2.3954,-1.923274622,-3.007882916
2018/9/3,-0.7197,-1.1872,-0.3206,-1.8383,-0.945622622,-1.45553035
2018/9/4,1.124,1.6178,0.9485,0.3834,0.602757622,1.082039728
2018/9/5,-0.6875,-0.1497,-0.9742,-0.8276,-0.799226698,-0.517735752
2018/9/6,-2.2802,-2.311,-3.2807,-3.1887,-2.416034185,-2.344815855
2018/9/7,-0.2294,-0.3495,-0.0681,-1.5216,-0.288009099,-0.539779633
2018/9/10,-0.8493,-1.7265,0.196,-2.4941,-1.000372079,-1.845709429
2018/9/11,-1.7122,-2.1476,-1.4697,-2.176,-2.408393263,-2.009725951
2018/9/12,-0.8174,-0.38,-1.2432,-0.5083,-1.091081009,5.29926E-05
2018/9/13,0.1889,-0.1788,1.0533,0.2879,0.512306755,0.302491315
2018/9/14,0.2381,-1.0001,2.0203,1.0232,0.119212159,-0.806676713
2018/9/17,-1.707,-2.8765,-0.6056,-1.0488,-2.164331241,-2.82411749
2018/9/18,0.5493,-0.1511,1.0248,0.3072,0.128804509,0.36534283
2018/9/19,3.1278,2.8306,3.2812,2.7457,3.116907047,3.169437715
2018/9/20,1.343,1.2399,1.1766,1.3383,1.035615738,0.858088155
2018/9/21,1.7732,1.327,3.5654,2.7361,1.79362783,1.879777408
2018/9/25,1.3883,0.9625,2.4891,1.592,1.443548032,1.437078534
2018/9/26,0.2076,0.2324,-0.0558,0.0835,0.038532053,0.235201775
2018/9/27,-0.4035,-0.6002,0.7373,0.3688,0.042913512,-0.578418363
2018/9/28,0.0364,-0.496,0.744,0.0604,0.402139344,-0.559889538
2018/10/8,-1.9319,-2.7635,-3.0924,-3.55,-2.128772286,-3.115779895
2018/10/9,-2.6641,-3.7516,-4.0505,-4.2527,-3.082945619,-4.774834649
2018/10/10,0.0779,-0.571,0.3507,-0.1589,0.210158176,-1.006374062
2018/10/11,-6.4451,-6.9622,-3.5415,-5.3525,-6.27216371,-7.331640022
2018/10/12,-6.234,-6.9437,-1.9947,-4.3641,-6.064278214,-7.660193935
2018/10/15,-1.7329,-1.697,0.3561,-0.4081,-1.450414377,-2.219327888
2018/10/16,-4.1851,-3.9482,-1.7977,-2.8205,-3.796730553,-4.099007494
2018/10/17,-1.6037,-1.8144,0.6205,-0.8597,-1.092048243,-1.396370626
2018/10/18,-1.8641,-2.3643,-1.6266,-0.7257,-1.82693343,-1.745444543
2018/10/19,-0.2124,-0.3292,0.5672,0.9077,-0.438542569,0.284530114
2018/10/22,7.4278,7.9683,6.2226,8.0874,7.172651094,8.919524662
2018/10/23,2.8056,3.4306,0.4551,3.3814,2.654923558,3.411397269
2018/10/24,-1.7904,-1.8075,-1.7485,-2.1867,-1.98941038,-2.756381307
2018/10/25,0.1191,-0.6456,1.3772,0.2335,0.245410049,-1.319481323
2018/10/26,-0.0394,-0.4515,0.3865,-0.6878,0.699828631,-0.940813237
2018/10/29,-2.0893,-1.5699,-3.3916,-4.3917,-1.500367292,-1.954293401
2018/10/30,-1.228,-0.314,-2.2293,-2.2473,-0.608120753,-0.276377317
2018/10/31,2.6035,2.9119,2.1977,2.3672,2.746863305,3.217412309
2018/11/1,2.2537,2.6327,1.4412,2.776,1.49796927,2.865746201
2018/11/2,3.2407,4.6342,3.1635,5.851,3.081521236,5.102038781
2018/11/5,2.8023,3.7517,1.9183,3.7199,2.848016531,4.150467739
2018/11/6,0.0874,-0.2105,-1.3003,-1.9003,-0.188330032,0.010039519
2018/11/7,-0.6182,-0.5697,-0.9027,-2.1874,-0.656970894,-0.400590743
2018/11/8,-1.1803,-0.8588,-0.3765,-1.8767,-1.221203189,-1.189658424
2018/11/9,-0.8759,-0.5747,-2.2011,-1.9596,-1.160708287,-1.249661511
2018/11/12,2.0092,2.806,-1.7788,1.3389,1.391887714,2.199505777
2018/11/13,4.2275,5.0235,1.2259,3.7893,3.270881021,4.439676334
2018/11/14,1.5167,1.7497,-0.3554,0.3957,1.099180127,1.116487995
2018/11/15,0.9656,0.8977,0.0794,0.1347,0.81546135,0.693239312
2018/11/16,2.2762,1.7878,1.2682,2.448,1.574114367,1.854652406
2018/11/19,1.5986,0.4773,1.2464,2.4724,1.264098511,0.333483752
2018/11/20,-2.1517,-2.4534,-0.7887,-2.1813,-2.057643796,-3.023864225
2018/11/21,-2.2831,-1.7963,-1.7916,-3.2801,-2.592671847,-2.507335182
2018/11/22,0.4193,0.5137,-0.5199,-0.168,0.036426711,0.41701087
2018/11/23,-3.6523,-3.9182,-2.0693,-2.9681,-3.649560228,-3.715667558
2018/11/26,-3.6149,-4.3192,-1.2238,-2.9884,-3.843374715,-4.199511012
2018/11/27,0.1711,-0.0009,-0.1198,-0.3605,-0.436894637,-0.056784857
2018/11/28,1.495,1.7586,0.5604,1.9713,1.343600113,2.136512899
2018/11/29,-0.4723,-0.8578,0.0804,0.0156,-0.419295767,-0.44967851
2018/11/30,-1.014,-1.3743,-0.091,-0.7068,-1.003792689,-0.766736158
2018/12/3,3.5604,4.1491,3.1164,4.6799,3.777797045,4.843362982
2018/12/4,3.3239,4.0488,2.4092,3.4953,3.500008637,3.726028283
2018/12/5,-0.1348,0.2732,-0.4443,-0.2855,-0.160880768,0.151753691
2018/12/6,-2.3924,-2.6354,-2.1328,-3.0037,-2.643247877,-2.576788571
2018/12/7,-1.7303,-2.3461,-1.4561,-2.5699,-1.941018296,-2.710005508
2018/12/10,-1.0337,-0.939,-0.9059,-1.4387,-1.275036394,-1.65526935
2018/12/11,-0.297,0.129,-0.8175,-1.0344,-0.660914589,-0.462057297
2018/12/12,1.0744,0.7166,0.7363,0.873,0.987632166,0.971868953
2018/12/13,1.4376,0.7836,2.058,2.2076,1.802459988,1.261997342
2018/12/14,-0.7841,-1.644,0.2248,-0.2276,-0.404315029,-1.225651886
2018/12/17,-1.9813,-3.3546,-1.1181,-2.34,-1.876791693,-3.177964221
2018/12/18,-0.6886,-0.9316,-0.8586,-1.5964,-0.658229391,-1.524560823
2018/12/19,-1.7859,-1.8725,-1.8471,-2.7281,-1.84877107,-2.540730305
2018/12/20,-1.0944,-1.3446,-2.1035,-1.2737,-1.098798785,-1.350258558
2018/12/21,-0.7263,-0.5064,-2.1702,-1.4367,-0.6641933,-0.093531076
2018/12/24,0.1491,0.2025,-0.9787,-1.514,-0.031307443,0.561321022
2018/12/25,-0.1382,0.3049,-0.5653,-0.7772,-0.634166986,0.04416173
2018/12/26,-1.3164,-1.1674,-0.8789,-1.4544,-1.475944806,-1.893348467
2018/12/27,-1.1477,-1.7423,-0.6087,-1.0268,-0.490116522,-1.945646046
2018/12/28,-0.5217,-0.9361,0.0627,0.2099,0.080895303,-0.864457465
2019/1/2,-0.5539,-0.702,-1.3732,0.051,-0.561329744,-1.312462486
2019/1/3,-1.4394,-1.8237,-1.2633,-1.0404,-1.145966714,-2.566515185
2019/1/4,1.65,1.5417,2.188,2.729,2.283411826,1.389049449
2019/1/7,3.5678,4.2179,1.8609,4.2523,3.69243182,3.978987768
2019/1/8,1.3554,1.7499,-0.2691,0.9084,0.918606345,1.311108086
2019/1/9,0.2155,0.3814,0.9226,1.2024,0.066268481,0.025735308
2019/1/10,0.0378,0.1687,0.9979,1.4638,0.183804759,0.164125236
2019/1/11,0.3983,0.3188,0.5458,0.7226,0.339555592,0.561506544
2019/1/14,0.2057,-0.4901,-0.0905,-0.0378,0.661804868,-0.080495472
2019/1/15,0.5435,0.2323,0.5759,1.8763,0.915340172,0.656607596
2019/1/16,0.9167,1.2202,1.6998,2.5663,0.813686674,1.206745254
2019/1/17,-0.631,-0.9502,-0.2122,-0.8629,-0.186898581,-0.902618607
2019/1/18,0.3176,-0.1112,1.4924,1.1212,1.378599893,0.781751429
2019/1/21,1.2599,1.2383,2.5642,2.4233,1.832517399,2.398228701
2019/1/22,-0.9302,-0.8732,-0.5035,-1.1975,-1.107044411,-0.832207079
2019/1/23,-0.8299,-1.3202,-1.1426,-1.6695,-1.393802445,-1.780315715
2019/1/24,0.6129,0.5031,0.5456,0.651,0.062747362,0.503740945
2019/1/25,-0.072,0.0903,1.7967,1.5293,0.087135284,0.725385087
2019/1/28,-0.6247,-0.9433,1.3358,0.7922,-0.281567177,-0.281905496
2019/1/29,-1.0824,-1.9709,0.8845,0.1126,-0.458396329,-1.076908002
2019/1/30,-1.3547,-2.4468,0.2288,-1.0057,-0.811057789,-1.528955195
2019/1/31,-1.4785,-2.19,1.1004,-0.2654,-0.714353906,-1.385683662
2019/2/1,1.4549,1.8277,2.1167,3.2676,1.673257991,2.355308483
2019/2/11,4.4463,5.9112,1.1987,5.7229,3.721050549,5.838875095
2019/2/12,3.1521,4.2079,1.0617,4.1189,3.051251511,4.147087478
2019/2/13,2.24,3.0657,1.9034,3.2654,2.603934746,3.043733054
2019/2/14,1.4369,1.945,1.2764,3.1045,1.579068032,2.731346461
2019/2/15,-0.3694,-0.0318,-2.5715,-1.1897,-1.046069901,0.188651512
2019/2/18,2.4324,3.1563,0.1482,2.0475,1.711916319,3.093008277
2019/2/19,3.25,3.866,2.4001,3.7028,2.572358478,3.864398028
2019/2/20,0.2087,0.5769,0.4146,0.3011,-0.06386624,0.039617405
2019/2/21,-0.5074,0.2381,-0.0906,0.8638,-0.125459621,-0.540273981
2019/2/22,1.3389,2.343,0.5711,3.2669,1.703058999,2.119077461
2019/2/25,7.1086,7.846,7.4377,8.5595,7.589658013,8.877321977
2019/2/26,5.447,5.2881,4.2413,4.8284,5.631153891,5.435251195
2019/2/27,0.0474,-1.008,-1.3814,-1.7201,-0.169990044,-1.475461345
2019/2/28,-0.1126,-0.2838,-0.0429,-1.4582,-0.362910075,-0.71434118
2019/3/1,1.132,1.3824,2.0469,2.0028,1.176708641,1.363860416
2019/3/4,2.4621,3.088,3.4362,4.0679,2.960660375,3.036591515
2019/3/5,3.5583,5.1662,0.8359,2.7626,3.045738735,4.58546889
2019/3/6,4.0291,5.0689,0.579,1.9321,3.22326241,4.153125127
2019/3/7,3.0329,3.2446,-1.3369,-0.2179,2.799616542,2.270423226
2019/3/8,-3.8261,-2.6162,-5.5373,-4.3847,-4.451171448,-3.366781804
2019/3/11,-1.4945,0.536,-2.8329,-0.9138,-2.448381051,-0.082874067
2019/3/12,5.2659,6.6564,1.4932,3.1786,4.053432018,5.73810678
2019/3/13,0.0045,-0.5465,0.7877,-1.3786,-0.363619988,-1.084175858
2019/3/14,-3.4267,-5.3631,0.2437,-2.8479,-3.401180354,-4.778947883
2019/3/15,0.1399,-1.612,1.1465,0.8214,-0.551891738,-1.474518888
2019/3/18,4.7488,3.871,3.3288,5.1151,4.813602616,3.724301049
2019/3/19,2.772,3.1583,1.9333,2.369,2.970678537,3.203431205
2019/3/20,0.248,-0.292,0.0108,-1.3342,-0.337575399,-0.09938544
2019/3/21,0.9658,0.5248,-0.1893,-0.3908,0.719935018,0.642397028
2019/3/22,1.5431,1.3942,-0.7918,-0.2743,1.417534926,1.093668203
2019/3/25,-0.7995,-0.7085,-2.9018,-2.9454,-1.062972414,-1.726767751
2019/3/26,-3.8454,-3.5457,-3.0357,-3.9355,-4.170372191,-4.24143629
2019/3/27,-1.1995,-1.8905,0.733,-0.2238,-1.352292785,-1.812436629
2019/3/28,-0.2276,-0.6567,0.3645,0.9698,-0.397110666,-0.244174131
2019/3/29,1.4109,1.6258,2.5789,4.3516,1.812327673,2.832056768
2019/4/1,6.5928,7.3483,5.9789,7.6238,7.027559222,7.864397804
2019/4/2,4.122,4.7525,2.6389,2.4989,3.790579995,3.945154583
2019/4/3,2.0289,1.542,1.3668,0.5106,2.082990903,0.996479608
2019/4/4,2.7627,1.4114,2.4665,2.2094,2.783580224,1.361493575
2019/4/8,1.8986,0.0203,1.8222,0.9023,1.827744796,-0.182674841
2019/4/9,0.1197,-0.2145,0.4199,0.6699,0.652173731,-0.695075756
2019/4/10,-0.6466,-0.0135,-0.1788,1.8758,-0.326028522,-0.303062401
2019/4/11,-1.9282,-2.4469,-1.6405,-1.7265,-2.114718232,-2.76290089
2019/4/12,-1.9601,-2.6401,-1.7748,-2.9005,-1.773198088,-2.557021158
2019/4/15,-1.0193,-1.552,0.022,-0.9967,-1.138597817,-1.344870529
2019/4/16,0.6849,0.6657,3.4216,1.6697,0.445230594,1.392615928
2019/4/17,2.3242,2.5912,2.8789,2.9629,1.9799814,3.12995002
2019/4/18,0.14,0.297,-0.8973,0.3085,-0.831944824,-0.571798
2019/4/19,-0.0459,0.1293,0.8082,1.4584,-0.212218749,-0.444373402
2019/4/22,-0.7483,-0.2618,-1.4118,-0.5481,-1.264403466,-1.21150435
2019/4/23,-2.8268,-2.4613,-2.7513,-2.4173,-3.43856304,-2.93241078
2019/4/24,-0.8702,-0.2934,0.0164,0.4492,-0.759025102,-0.23462884
2019/4/25,-3.3619,-2.5148,-1.8617,-1.9772,-2.464419664,-2.250497149
2019/4/26,-5.4428,-4.9559,-3.4039,-4.2536,-4.477440873,-4.200796902
2019/4/29,-3.9207,-4.4974,-0.0248,-2.1983,-2.925197207,-2.906810268
2019/4/30,-0.929,-2.2356,1.8705,-0.2376,-0.156814092,-1.205971863
2019/5/6,-5.5068,-6.6318,-4.2151,-6.8789,-5.169395377,-6.455692893
2019/5/7,-5.6672,-6.276,-4.0849,-5.7826,-5.349667542,-5.932319213
2019/5/8,0.6184,1.1754,-1.2539,-0.0551,-0.011094587,0.638096117
2019/5/9,-2.0844,-1.5484,-3.4688,-3.0479,-2.362715512,-2.196662382
2019/5/10,1.785,2.4805,1.1352,2.4952,1.865321419,2.151814412
2019/5/13,2.3083,2.7683,1.1424,1.9589,1.776486456,1.70662766
2019/5/14,-1.7897,-1.7213,-2.2526,-2.8378,-1.925682737,-2.620532895
2019/5/15,0.9792,1.3098,1.2803,1.7888,1.119518549,1.408175412
2019/5/16,2.8435,2.5325,2.11,2.9278,2.736088795,2.643730779
2019/5/17,-2.5322,-3.1565,-1.4835,-2.5569,-1.893886005,-2.725224345
2019/5/20,-4.3277,-4.5581,-2.3878,-4.1095,-3.694471644,-4.012569017
2019/5/21,0.4538,0.7725,0.3367,0.5528,0.960504514,0.988042251
2019/5/22,0.3557,0.9798,0.5302,1.2677,1.157992741,1.347732849
2019/5/23,-2.9135,-3.2208,-1.7938,-2.9265,-2.165297545,-2.590406512
2019/5/24,-2.0589,-3.3104,-0.8424,-2.0357,-1.771652928,-3.073166627
2019/5/27,1.7991,1.8693,1.1745,1.9574,1.598177409,1.778046834
2019/5/28,2.1768,2.7122,1.5306,2.9845,2.229907197,2.700615984
2019/5/29,0.1633,0.2595,0.8508,1.1162,-0.112867057,-0.151251234
2019/5/30,-0.2622,-0.2436,-0.5064,-0.8162,-0.582351429,-0.891917671
2019/5/31,-0.6674,-0.8531,-0.7637,-1.1641,-0.280534096,-0.868859038
2019/6/3,-1.2842,-1.6926,-0.0849,-0.5436,-0.944660156,-1.600336236
2019/6/4,-2.0904,-2.721,-0.3883,-1.0299,-1.630817524,-2.135672223
2019/6/5,-1.3727,-1.5651,-0.5144,-0.9061,-0.988926372,-0.680010754
2019/6/6,-2.2401,-2.7451,-0.1821,-1.2147,-1.728010226,-1.894398062
2019/6/10,-1.3477,-1.3697,1.1022,-0.1941,-0.760191148,-0.737466429
2019/6/11,4.1225,4.8364,3.6278,5.1117,4.302545584,4.981674993
2019/6/12,2.4157,2.8693,1.5652,2.899,2.625314027,3.095032276
2019/6/13,-0.3823,-0.2615,-0.9222,-1.0719,-0.685603345,-0.470240997
2019/6/14,-1.0074,-1.4043,-0.9095,-1.1708,-1.319766414,-1.472151125
2019/6/17,-1.3068,-1.9726,-0.3476,-1.3735,-1.147226675,-1.702948139
2019/6/18,-0.0146,-0.0697,0.6036,-0.0193,0.200668696,-0.064900396
2019/6/19,0.7207,1.3667,1.4897,1.7087,0.576595238,1.394376888
2019/6/20,2.9275,2.9394,4.1218,4.4482,2.669613481,3.736329856
2019/6/21,2.9494,3.3417,2.4824,3.2483,2.787177563,3.753610122
2019/6/24,1.0575,1.5818,-0.2345,0.5268,1.073012693,1.36528221
2019/6/25,-1.1069,-1.4347,-1.1936,-0.509,-0.563949378,-0.882977586
2019/6/26,-1.2742,-1.4295,-1.6762,-0.8743,-1.024561341,-0.400302712
2019/6/27,0.3051,1.1367,0.6515,1.1893,0.227691951,1.443890336
2019/6/28,-0.5389,-0.0886,0.7395,0.919,-0.352374888,0.212803658
2019/7/1,1.5502,2.0962,2.2364,3.4208,1.191339113,2.507518345
2019/7/2,2.5536,3.373,2.3733,3.6323,1.82803377,3.485158088
2019/7/3,-0.5488,-0.8665,-0.4746,-2.0988,-0.708748514,-1.096978012
2019/7/4,-0.4413,-1.0396,-0.6292,-2.624,-0.617618887,-1.715042327
2019/7/5,0.423,0.193,0.066,0.3367,-0.149826113,-0.170841736
2019/7/8,-2.7481,-2.7817,-2.0438,-1.3033,-2.830460446,-2.700442229
2019/7/9,-3.034,-3.1239,-2.9917,-2.1693,-2.528403002,-2.774908523
2019/7/10,-1.0111,-0.8318,-1.057,0.0572,-0.712367349,-0.476656307
2019/7/11,-1.0379,-0.9145,-0.1302,-0.1918,-0.993408013,-0.680496364
2019/7/12,0.8768,0.2095,0.6692,0.4972,0.221051544,0.424350922
2019/7/15,1.6599,1.3107,0.4184,1.1601,1.442605084,1.424035609
2019/7/16,1.2689,1.4386,-0.4941,-0.1661,1.518013695,0.952217802
2019/7/17,0.3754,0.2694,-0.5918,-0.5548,0.284432618,-0.124765852
2019/7/18,-1.5943,-1.807,-0.6268,-1.0672,-1.421737599,-1.862221719
2019/7/19,-0.9337,-1.0507,0.8039,-0.3797,-0.57580998,-1.114486607
2019/7/22,-1.2481,-1.598,0.9157,0.303,-0.91446042,-0.878032039
2019/7/23,-1.1066,-1.3391,-0.3321,-0.1402,-1.204395214,-0.424983777
2019/7/24,1.4395,2.2458,0.8267,1.1163,1.157311493,2.321485558
2019/7/25,0.7323,1.4034,1.5327,1.7039,0.784400171,1.579748186
2019/7/26,0.1781,0.1721,0.9828,1.1999,0.387053096,0.749416227
2019/7/29,-0.1094,0.1263,0.0112,0.2021,-0.049495225,0.39487093
2019/7/30,0.2832,0.53,0.3463,0.2122,0.41327394,0.896401058
2019/7/31,-0.1756,-0.3198,-0.6475,-0.4674,0.098015658,0.352879994
2019/8/1,-1.4683,-1.263,-2.1765,-1.5306,-1.172810666,-0.755531081
2019/8/2,-2.4032,-1.9683,-2.228,-2.0663,-2.250415941,-1.55913975
2019/8/5,-3.184,-2.7331,-3.1744,-3.1432,-3.368294266,-3.019042879
2019/8/6,-4.3948,-3.431,-2.8107,-3.1831,-3.607576611,-3.327390901
2019/8/7,-3.0168,-2.243,-1.4112,-1.5115,-2.204403147,-2.024281668
2019/8/8,0.2332,0.7758,0.7765,1.2892,0.449369578,0.30554103
2019/8/9,-0.6401,-0.0226,0.655,0.0881,-0.328961671,-0.210085184
2019/8/12,0.2507,1.2274,0.5796,0.7841,0.419763509,1.116714697
2019/8/13,0.7087,1.5529,0.0237,1.2507,0.98377682,1.226587512
2019/8/14,0.0565,-0.0485,-1.1488,-0.2807,-0.459567399,0.103612333
2019/8/15,0.6493,1.1699,0.2689,0.8961,0.150344238,1.824328974
2019/8/16,0.2714,1.3046,0.4524,0.9084,0.128680518,1.232676428
2019/8/19,3.0764,3.7817,1.7531,3.1958,2.735966228,3.486069123
2019/8/20,3.1177,3.213,1.2969,2.6995,2.582397949,2.503462993
2019/8/21,0.429,0.2173,-0.2265,0.1847,-0.300892694,-0.591694691
2019/8/22,0.1656,0.1944,-0.0169,0.6384,-0.330024687,0.159012873
2019/8/23,-0.1165,-0.1,0.8615,1.3276,-0.013124616,0.584416233
2019/8/26,-0.7242,-0.8651,-0.7579,-0.8399,-0.88488355,-0.793779911
2019/8/27,0.9031,1.2297,-0.7449,0.1435,0.040616991,0.514828217
2019/8/28,1.0023,1.5241,0.2311,1.4787,1.199928938,1.307716332
2019/8/29,-0.572,-0.1628,-1.3326,-0.4053,-0.261760337,-0.432618104
2019/8/30,-1.0937,-1.3318,-0.3819,0.2438,-1.22463053,-0.789965762
2019/9/2,0.7936,1.1782,1.31,1.8507,0.94794872,1.528746977
2019/9/3,1.9437,3.6867,1.0072,1.7028,2.132910803,3.125407313
2019/9/4,1.1967,1.8933,1.3682,0.9309,1.725094769,1.991495701
2019/9/5,1.4356,2.3043,2.0159,1.7189,1.927740643,2.335370682
2019/9/6,0.6477,1.7174,1.4135,1.3063,0.755633666,1.629411582
2019/9/9,1.8545,3.2843,0.7701,1.1203,1.347403553,2.873521027
2019/9/10,1.5646,2.4305,-0.5407,0.4942,1.114480283,1.931527484
2019/9/11,-0.3007,-0.8498,-0.3884,-1.6144,-0.212762037,-1.407908033
2019/9/12,0.2228,0.0854,1.3962,-0.0361,0.331992794,-0.600864894
2019/9/16,0.5971,1.137,0.7147,0.8948,0.513572383,0.440037664
2019/9/17,-2.0865,-1.5501,-2.1068,-2.0069,-2.049210904,-1.969273561
2019/9/18,-2.0752,-2.2725,-1.4291,-0.8558,-1.743139962,-1.835145464
2019/9/19,0.3474,1.3818,0.0772,1.3748,0.563372736,1.219101595
2019/9/20,0.2369,1.8587,0.011,0.7727,0.278427764,0.972241566
2019/9/23,-1.2661,-0.5752,-1.0891,-0.9661,-1.114533464,-0.838416141
2019/9/24,-1.0952,-0.7341,-1.1986,-0.728,-1.041016503,-0.231965749
2019/9/25,-1.2181,-1.8474,-0.4935,-0.4963,-1.145271207,-1.035531473
2019/9/26,-2.5043,-5.0289,-0.1392,-1.9692,-2.180459676,-3.665624213
2019/9/27,-0.9576,-2.1966,0.0855,-0.2375,-0.820462495,-1.141300558
2019/9/30,-0.5415,-0.5679,-0.889,-0.2588,-0.513834202,0.069682335
2019/10/8,-0.2543,-1.6173,0.4882,-0.4719,0.096684357,-1.311295632
2019/10/9,1.1293,0.6516,1.5933,0.0238,1.37505898,0.214825581
2019/10/10,1.3878,2.3584,0.5723,0.5602,1.509511681,2.632700538
2019/10/11,1.2503,1.5414,1.5527,1.9433,1.752237008,2.185621682
2019/10/14,1.96,1.6514,2.4424,1.6992,1.880499164,1.135620013
2019/10/15,0.6279,-0.2115,0.5522,0.5812,0.181382707,-0.086682253
2019/10/16,-1.2858,-2.4617,-0.293,-0.8512,-1.398997883,-1.264343911
2019/10/17,-0.9992,-0.7538,0.1472,-0.6294,-0.952307561,-0.246741073
2019/10/18,-1.9893,-1.4285,-1.5227,-1.0953,-1.759728322,-1.024280497
2019/10/21,-1.6405,-1.8786,-0.9071,-0.9619,-1.521715246,-1.168009646
2019/10/22,0.5335,0.6855,0.7148,0.8242,0.344949194,0.672272776
2019/10/23,-0.0221,0.3807,-0.2688,0.1428,-0.024019413,-0.012074405
2019/10/24,-0.6597,-1.3946,-0.0646,-0.7177,-0.576760617,-1.175496536
2019/10/25,0.6317,0.2864,-0.0522,0.8983,0.522406591,0.481507529
2019/10/28,1.6228,3.0866,-0.4074,1.7703,1.501717048,2.528520257
2019/10/29,-0.1412,0.4493,-0.357,0.6859,-0.120847127,0.724598818
2019/10/30,-2.0754,-2.5667,-0.6494,-0.5663,-2.037492102,-1.303295252
2019/10/31,-1.4107,-1.4677,-0.3152,-0.5869,-1.377278679,-0.633523773
2019/11/1,0.4595,0.1926,2.4556,2.0482,0.741109058,0.800078657
2019/11/4,1.2338,1.7567,3.1,2.8136,1.372823587,1.90529771
2019/11/5,0.7996,1.3603,1.2214,1.4802,0.881504071,1.64511205
2019/11/6,-0.1663,-0.1632,0.5299,0.1601,-0.056180963,0.013914263
2019/11/7,-0.2505,0.0612,-0.1099,-0.21,-0.283125728,-0.197634512
2019/11/8,-0.0755,0.3953,-0.6425,0.0347,-0.033706946,0.320078105
2019/11/11,-2.8341,-2.666,-2.3436,-2.2436,-2.612797866,-2.126190888
2019/11/12,-2.2,-2.0896,-1.9612,-2.0601,-1.891674793,-2.201220305
2019/11/13,-0.3379,0.1779,-0.6784,0.1897,-0.392968572,-0.352588338
2019/11/14,-0.2905,0.6313,-0.7233,0.5419,-0.40364676,0.667714073
2019/11/15,-0.8769,-0.12,-0.4877,-0.8215,-0.73828768,-0.016297595
2019/11/18,-0.4232,-0.4968,0.6457,-0.3901,0.007184902,0.053843441
2019/11/19,2.0665,2.6951,1.427,2.1132,2.260465296,2.850245664
2019/11/20,0.6909,1.6239,-0.6728,0.4809,0.637952855,1.634821788
2019/11/21,-0.6559,-0.5857,-1.7589,-1.5314,-0.377117764,-0.750381647
2019/11/22,-0.5261,-0.6888,-0.935,-1.7879,-0.083826943,-1.591327356
2019/11/25,0.7379,-1.1311,1.4666,-0.7782,1.686907026,-1.584097378
2019/11/26,0.5615,-0.6107,1.6282,1.2763,1.107960073,0.131187054
2019/11/27,-0.8178,0.0618,-0.7126,0.2217,-0.696418372,0.491995622
2019/11/28,-0.3526,0.1738,-0.8364,-0.7913,-0.202536046,-0.528977534
2019/11/29,-0.2505,-0.1537,-1.0364,-1.5257,-0.421554715,-0.793706368
2019/12/2,0.2685,0.2932,-0.4497,-0.7805,0.077093027,-0.292849407
2019/12/3,0.5557,0.9812,0.8894,0.881,0.465891465,0.38884026
2019/12/4,0.0112,0.7004,0.405,0.7081,-0.116856724,0.388035577
2019/12/5,0.3359,1.0088,0.1728,1.3987,0.150705129,1.61136345
2019/12/6,1.2754,1.9261,0.5351,2.1862,0.807211489,2.62547804
2019/12/9,1.0944,1.3292,0.4501,0.9566,0.827093488,1.157684376
2019/12/10,0.4015,0.9466,0.2252,-0.0299,0.56713956,0.673747957
2019/12/11,-0.2761,0.1085,0.3793,-0.3879,0.666735772,0.043740199
2019/12/12,-0.5142,-0.5764,0.329,-1.1253,0.212010322,-0.321411858
2019/12/13,0.9661,1.2552,1.9383,1.4652,0.555300889,1.746073381
2019/12/16,2.4502,3.3546,2.2174,2.3875,1.904003945,3.435833431
2019/12/17,2.6407,3.6089,1.2051,1.7668,1.89820457,2.86061857
2019/12/18,1.433,1.5255,0.8833,0.9509,0.904019959,0.776359859
2019/12/19,0.5659,0.347,0.0178,-0.8912,0.354521322,-0.395016451
2019/12/20,-0.062,-0.8334,0.123,-0.7117,-0.040217241,-0.906872147
2019/12/23,-2.345,-3.2775,-1.0173,-1.18,-1.915513521,-2.283988526
2019/12/24,-0.5551,0.0449,-0.6793,-0.1165,-0.433693186,0.334964746
2019/12/25,1.0509,2.3266,-0.0441,0.8764,1.093190303,2.6947752
2019/12/26,0.746,0.959,0.6475,0.6156,1.149234354,1.935550599
2019/12/27,0.5022,-0.0409,1.0579,0.7145,1.130294847,0.606054932
2019/12/30,1.0532,0.0218,0.9767,1.7918,1.585463916,0.746911287
2019/12/31,1.9848,1.2203,1.085,2.1398,2.272812538,1.979440429
2020/1/2,2.0316,2.5832,1.781,1.4879,2.401978648,2.896497873
2020/1/3,1.4597,2.6302,1.4145,0.1805,1.629152783,2.101368336
2020/1/6,0.6142,1.9713,-1.1303,-1.2931,-0.031817975,0.891553316
2020/1/7,1.9367,3.3101,-0.4093,0.7148,0.873367454,2.082536587
2020/1/8,-0.0995,0.3955,-0.42,0.655,-0.71676995,-0.080414817
2020/1/9,-0.4455,0.4361,-0.1735,1.3149,-0.677412773,0.367300898
2020/1/10,0.9327,1.4684,0.5491,2.0095,0.665938015,1.609335073
2020/1/13,0.866,1.1873,0.2816,1.1721,0.357329945,1.47183916
2020/1/14,0.9366,1.3876,0.56,0.5444,0.446653875,1.296892218
2020/1/15,-0.5509,-0.2556,-1.1626,-0.5099,-1.028020054,-0.830763209
2020/1/16,-1.1609,-0.2916,-1.8198,-0.1981,-1.401102948,-0.559024323
2020/1/17,-0.9925,-0.5052,-0.4156,-0.3183,-0.567648262,0.161240407
2020/1/20,0.2086,0.9672,0.6399,0.5624,0.539501114,1.968023189
2020/1/21,-0.7536,0.0731,-1.526,-1.2037,-1.56209178,0.393791865
2020/1/22,-1.0906,-0.1388,-1.8499,-1.2068,-1.851630267,0.053287071
2020/1/23,-2.8776,-1.9916,-2.6081,-2.8808,-3.514795123,-1.953790063
2020/2/3,-12.0656,-11.4521,-9.6137,-10.88,-13.13973807,-11.4588475
2020/2/4,-7.8486,-6.5157,-4.7359,-4.0987,-9.004782981,-5.259859233
2020/2/5,3.9088,5.3218,2.9128,5.9394,2.135546446,5.102733135
2020/2/6,4.8603,6.2283,1.4249,4.2116,2.867100267,4.909407539
2020/2/7,2.6699,4.0869,0.6603,1.6903,1.748121107,4.339308519
2020/2/10,1.9088,2.0028,-0.2426,0.3492,2.391548282,2.378463789
2020/2/11,1.3606,0.6377,1.3457,2.1248,2.511118352,1.398749852
2020/2/12,0.9278,1.6903,1.396,1.8815,1.080317561,2.983117458
2020/2/13,0.0136,1.0444,-0.1978,-0.2765,0.441420247,2.292160451
2020/2/14,-0.8914,-0.8489,0.2843,-0.4163,0.452510883,-0.076332536
2020/2/17,3.0161,3.4488,2.21,2.3335,3.293334206,3.618048416
2020/2/18,3.3068,4.3307,0.4838,1.3512,2.121092533,3.382260365
2020/2/19,-0.3156,-0.5318,-1.0767,-0.3906,-0.63437338,-1.143199848
2020/2/20,0.8071,-0.321,1.4355,2.7117,1.289344099,0.45979384
2020/2/21,2.5343,2.9592,0.9694,2.8016,1.807637917,3.202057524
2020/2/24,0.7757,2.5765,-1.6355,-0.1813,-0.204610408,2.607454571
2020/2/25,-0.5275,0.732,-2.0199,-0.5433,-1.00922982,2.671668585
2020/2/26,-0.9766,-3.4384,-0.6078,-1.9856,-0.170854504,-2.1202851
2020/2/27,-0.3774,-2.8697,0.5948,-1.1705,0.726323466,-3.27554401
2020/2/28,-3.7169,-5.0582,-2.1873,-3.1116,-3.098358639,-4.693836827
2020/3/2,0.4085,-1.7419,0.4936,-0.7061,1.299790065,-1.753802828
2020/3/3,5.3573,5.2346,2.9964,4.2202,4.847575184,3.878551357
2020/3/4,2.0387,1.5127,0.7945,1.436,1.570193861,0.6359028
2020/3/5,2.9511,1.4962,2.8677,3.3419,3.422475015,1.060933256
2020/3/6,1.2673,0.9443,0.153,1.3039,0.095540206,0.129966063
2020/3/9,-3.7793,-4.7099,-4.6214,-5.2794,-4.95287873,-5.665937706
2020/3/10,-1.7058,-2.118,-1.3767,-1.5386,-1.418991566,-1.768455385
2020/3/11,0.4323,0.7735,0.3141,0.9718,1.023095704,1.232748726
2020/3/12,-3.123,-3.6429,-2.58,-4.0691,-2.443206068,-3.93806328
2020/3/13,-3.229,-3.1535,-3.2183,-4.2013,-2.443178974,-2.841931134
2020/3/16,-4.5307,-5.9677,-4.9794,-6.4727,-4.360926248,-6.351998317
2020/3/17,-3.4486,-4.8612,-3.7453,-5.8894,-3.019034992,-5.520721869
2020/3/18,-1.9599,-1.5445,-2.503,-2.3715,-1.219606319,-1.748336695
2020/3/19,-1.7017,-1.4358,-4.6736,-2.9586,-1.903166614,-1.504835455
2020/3/20,1.4188,1.2871,-0.738,0.8634,1.344709545,1.390827018
2020/3/23,-2.1774,-3.5732,-1.0231,-1.4073,-1.68107538,-3.614287551
2020/3/24,-1.7856,-2.8295,-0.1656,-0.7878,-1.349557704,-2.784502369
2020/3/25,3.7532,4.495,5.5365,6.3833,3.940070547,5.444007138
2020/3/26,1.3262,1.8622,2.0612,2.6298,0.804236106,2.290165119
2020/3/27,-0.4822,-1.6071,0.043,-0.2385,-0.55084894,-1.831987662
2020/3/30,-1.0914,-3.1178,-0.0747,-0.6463,-0.282973967,-3.420642094
2020/3/31,-1.1239,-2.2325,-1.1417,0.5957,-1.042307257,-1.725348635
2020/4/1,-0.4398,-0.0332,-0.685,1.3618,-1.383292121,0.992375709
2020/4/2,0.7837,2.267,0.7163,1.627,0.33746461,2.657176623
2020/4/3,0.59,1.4719,0.1187,1.6598,0.685085999,1.337802509
2020/4/7,1.6217,2.3243,0.7508,2.4664,1.716176059,2.568233945
2020/4/8,2.2967,3.4513,0.7973,2.0478,2.561402822,3.851622745
2020/4/9,0.2658,1.1505,-0.6438,-0.3327,0.285861419,1.041342561
2020/4/10,-0.9225,-1.6773,0.2917,-0.1197,-0.856917012,-1.192886529
2020/4/13,-1.4283,-3.546,0.2908,-0.3879,-1.177413233,-3.054314127
2020/4/14,1.1851,1.4845,1.2385,2.0258,1.393915399,2.382518029
2020/4/15,0.6484,2.2988,0.298,1.03,0.611025206,2.811584716
2020/4/16,-0.3789,0.5478,-1.1518,-0.9405,-0.417705125,0.562082412
2020/4/17,0.2064,0.5267,0.9616,1.286,0.394361257,1.556970745
2020/4/20,0.8691,0.8193,1.2993,1.6681,0.527336519,1.402800644
2020/4/21,0.341,0.3731,-1.0007,-1.1972,-0.429831127,-0.089767508
2020/4/22,0.1872,0.1698,-0.8838,0.1418,-0.403924827,-0.224048393
2020/4/23,0.343,0.2801,0.136,1.6539,0.277679916,-0.069258494
2020/4/24,-1.4824,-2.2413,-0.8933,-0.5673,-1.182314213,-1.798949912
2020/4/27,-0.807,-1.9395,-0.0271,0.298,-1.230737146,-0.753721576
2020/4/28,-1.0602,-1.4896,1.2899,2.101,-1.595202398,0.439265134
2020/4/29,-1.1101,-1.2655,2.1631,0.7982,-0.851596656,0.162400583
2020/4/30,1.9475,2.5704,2.4099,0.3953,2.400984767,2.362600477
2020/5/6,2.5809,4.5833,0.2113,2.1201,2.611562745,3.863014295
2020/5/7,0.7056,1.9211,-1.0744,1.2691,0.456681664,1.817505779
2020/5/8,0.7636,1.3362,0.5003,1.3393,0.814833366,1.133438724
2020/5/11,0.9796,1.3032,1.5516,1.0076,2.015186572,0.491759528
2020/5/12,-0.2898,0.2764,0.1214,0.4113,0.184187765,0.140255187
2020/5/13,0.1572,0.8009,-0.6242,1.2581,-0.641557363,1.044244294
2020/5/14,-0.5375,-0.5252,-1.359,-0.5874,-0.949563209,-0.39278307
2020/5/15,-1.1047,-0.8177,-1.3755,-1.7869,-1.196111301,-0.755509358
2020/5/18,0.2286,-0.6047,-0.0695,0.231,-0.232470082,-0.406269553
2020/5/19,0.884,0.2249,0.9415,1.8433,0.395650241,1.017738939
2020/5/20,-0.0967,-0.0708,0.6587,0.2265,-0.442376491,0.730200128
2020/5/21,-1.376,-2.2266,-0.6919,-0.8388,-1.645613864,-2.247352766
2020/5/22,-2.2208,-3.069,-2.7295,-2.5817,-2.603028295,-3.577845224
2020/5/25,-1.6566,-2.2019,-2.0943,-1.91,-1.635583148,-2.177810408
2020/5/26,1.4131,2.1913,0.8495,2.0872,0.884523327,2.145277936
2020/5/27,1.2455,1.9104,0.8508,0.3339,0.216433599,0.70564088
2020/5/28,-0.346,-1.0226,0.9252,-1.3391,-0.69179367,-1.425154032
2020/5/29,0.3862,0.6292,0.2768,0.8485,-0.500462564,1.509520015
2020/6/1,2.7453,4.4115,1.2252,4.1486,2.123101197,4.472485439
2020/6/2,2.8026,3.4162,2.7839,2.7859,2.830492169,2.413167406
2020/6/3,0.5145,0.0364,1.0523,-0.3093,0.201275341,-0.242999631
2020/6/4,0.2414,0.441,-0.0576,0.4202,-0.628395522,0.548726656
2020/6/5,0.2629,0.4293,-0.1099,1.1119,-0.434818863,0.885715899
2020/6/8,0.0541,-0.4409,1.2013,1.3148,0.326089075,0.343039835
2020/6/9,0.8048,0.3891,1.3511,1.3805,0.797068339,0.861099899
2020/6/10,0.7992,0.7522,-0.5925,1.0545,-0.038280519,1.502127997
2020/6/11,-0.7451,-0.2234,-2.2956,-0.8279,-1.134564168,0.347080932
2020/6/12,-0.5904,-0.0997,-1.6208,-0.6837,-0.848297798,-0.276462852
2020/6/15,0.55,0.316,-1.7365,-0.7785,-0.80685529,-1.036939498
2020/6/16,2.1922,2.5056,-0.384,0.2832,0.569636178,1.288129516
2020/6/17,2.5956,2.7968,1.0643,1.6472,1.525319514,2.222550943
2020/6/18,1.289,0.3886,0.2606,0.9906,0.990350818,0.417871293
2020/6/19,0.6055,0.541,0.8854,2.8823,1.186484264,1.80541037
2020/6/22,-0.4028,0.6204,-0.2159,2.0244,-0.154598043,1.509929817
2020/6/23,-0.5928,0.7439,-1.1919,1.3277,-1.076565018,1.096705079
2020/6/24,-0.2798,0.581,0.41,1.7535,-0.313343596,1.434610968
2020/6/29,-0.92,-0.4423,0.0659,0.4146,-0.960162799,-0.2739576
2020/6/30,0.1415,1.2098,-0.7636,1.8483,-0.089143151,1.200518896
2020/7/1,1.8084,1.8405,2.9848,3.9306,2.926939454,2.654695264
2020/7/2,3.436,1.3814,5.2293,3.3443,4.879200741,1.123482985
2020/7/3,4.1758,2.3605,4.2165,2.0718,4.581487235,1.454454476
2020/7/6,6.6865,5.2336,9.2002,4.7103,7.523886736,4.471655928
2020/7/7,5.1886,4.9843,6.6543,6.0723,5.32309693,5.011899872
2020/7/8,2.4922,2.899,0.2602,3.0215,1.440121182,3.098412666
2020/7/9,4.4611,4.7249,1.0658,3.2317,3.61239822,4.371008961
2020/7/10,0.7718,2.4507,-3.556,1.8555,-0.091067261,1.716017422
2020/7/13,1.6128,2.9352,-3.3949,2.6952,1.365959508,2.196081166
2020/7/14,1.8863,1.5801,-0.9581,2.5257,2.457980583,1.206962571
2020/7/15,-2.7082,-4.0293,-2.7524,-1.1563,-2.166811686,-3.121428416
2020/7/16,-5.5073,-7.7331,-3.5864,-6.8299,-5.231294366,-6.119179947
2020/7/17,-3.9908,-5.0581,-1.9074,-4.5232,-3.742605524,-4.366315303
2020/7/20,4.1745,3.4331,4.4211,3.6864,4.580511598,3.288978177
2020/7/21,4.4524,3.8406,3.1828,2.9564,4.473281322,3.323542769
2020/7/22,0.5784,1.7903,-1.067,2.2623,0.246446372,1.520162413
2020/7/23,0.1864,0.7297,-1.335,1.921,-0.150123126,0.587911221
2020/7/24,-4.5712,-5.3635,-4.0311,-4.3438,-4.610952979,-5.943658281
2020/7/27,-4.217,-5.0139,-3.0688,-4.1373,-4.089663527,-6.038439869
2020/7/28,0.8679,1.4013,0.1886,2.7574,0.260739906,0.804057866
2020/7/29,2.6893,3.8567,1.9696,4.3311,2.070976199,3.800668016
2020/7/30,2.2262,2.0798,0.7169,2.4055,1.944285747,1.932803452
2020/7/31,1.3079,0.9523,-0.7405,0.8848,0.603718907,0.388666742
2020/8/3,3.697,4.0721,1.3826,2.3574,2.457146412,2.654180211
2020/8/4,2.5527,2.1266,2.8833,0.538,2.312897521,1.478754025
2020/8/5,0.0068,0.4617,0.639,-0.493,0.577077328,0.765995692
2020/8/6,-0.5414,0.8876,-0.5507,-1.2312,0.467936248,0.464960603
2020/8/7,-1.242,-1.2111,-0.2724,-2.6787,-0.586091013,-2.099691475
2020/8/10,0.6094,-0.8105,0.3432,-1.3762,0.271235415,-1.650168142
2020/8/11,-0.8609,-1.857,0.6027,-0.7267,-0.578813177,-1.369813802
2020/8/12,-2.9353,-3.491,-0.4614,-2.1259,-2.007805573,-2.845330071
2020/8/13,-0.4733,-1.2987,-0.1923,-1.8041,-0.006966939,-1.597941867
2020/8/14,0.8498,0.847,1.2952,1.4903,0.862040215,1.222389867
2020/8/17,2.7586,3.0234,4.1807,3.1523,3.110644884,3.29386802
2020/8/18,3.0872,2.9632,1.8938,1.7836,2.809178428,2.028695834
2020/8/19,-0.3845,-1.1872,-1.8238,-1.443,-0.093595024,-1.437908958
2020/8/20,-2.3735,-2.9037,-2.0735,-3.0133,-1.866630502,-2.780090732
2020/8/21,-0.9831,-0.3789,-0.5911,0.0093,-1.399305811,-0.471133976
2020/8/24,0.8317,1.484,0.3878,3.0093,0.006256564,2.201121168
2020/8/25,-0.2232,0.723,-0.2787,2.4873,-0.42504706,1.671782186
2020/8/26,-2.5603,-2.6151,-1.3269,-0.1722,-1.524884882,-1.714123813
2020/8/27,-1.2144,-1.6397,-1.2008,-0.019,-0.89329415,-0.719484333
2020/8/28,2.1787,2.5133,1.9048,3.7353,1.86303216,2.920123321
2020/8/31,1.2102,1.3072,1.3396,2.5298,1.202512848,1.013247347
2020/9/1,-0.0512,0.1464,-0.5263,0.5516,-0.051651518,0.034340145
2020/9/2,0.1347,0.9706,-0.2327,1.2322,0.040293334,1.348859462
2020/9/3,-0.7654,-0.3386,-0.6153,-0.1915,-0.51060043,0.083855628
2020/9/4,-1.3299,-1.4435,-0.7195,-2.0757,-1.008430942,-1.583205778
2020/9/7,-2.3453,-2.3907,-1.2391,-4.7617,-2.154970992,-3.503345916
2020/9/8,-0.5254,-1.224,0.7429,-3.2568,-0.476602292,-2.968457554
2020/9/9,-0.3586,-2.516,0.1643,-2.9211,-0.727008436,-3.488030534
2020/9/10,-3.1619,-5.4417,-0.9883,-2.2666,-2.801512059,-3.586278795
2020/9/11,-1.0009,-0.9533,0.2953,2.2925,-0.959478578,1.143830295
2020/9/14,1.0943,3.1027,0.7667,2.3848,0.567998408,2.579215882
2020/9/15,0.8206,2.1224,1.6095,1.73,1.264418016,1.940213221
2020/9/16,0.4202,0.1039,0.8139,-0.6054,1.109857161,0.661476548
2020/9/17,-0.0027,-0.0661,-0.0646,-2.3864,0.437842514,-0.174320526
2020/9/18,1.962,1.7531,2.528,0.6389,2.070477766,1.67702989
2020/9/21,1.1906,0.7855,1.4014,0.443,1.736584392,0.938541824
2020/9/22,-2.255,-2.2905,-2.7559,-1.6703,-1.71322055,-2.074441284
2020/9/23,-1.5756,-1.3401,-2.0181,0.3669,-1.544269824,-0.784929943
2020/9/24,-2.4751,-2.2134,-1.9746,-0.9668,-2.025921017,-1.460466807
2020/9/25,-2.6191,-2.9136,-1.8853,-1.8026,-2.939512222,-2.445734516
2020/9/28,-0.6031,-1.2606,0.2311,0.6234,-1.498216438,-0.735212811
2020/9/29,-0.1041,0.0924,0.0393,1.3827,-0.526532531,0.223590396
2020/9/30,-0.2659,0.696,-0.9559,1.2539,-0.861988808,0.773968193
2020/10/9,2.1131,2.9046,0.6818,2.9826,0.876999062,3.035135931
2020/10/12,5.4091,6.4608,3.6728,5.92,4.427466659,5.783653501
2020/10/13,2.612,3.3037,2.7314,3.8296,2.506612424,3.513199426
2020/10/14,-0.1243,-0.0097,-0.1817,-0.2227,-0.45399624,0.346568819
2020/10/15,-0.6927,-1.1128,-0.0467,-1.2869,-0.729854272,-1.293978514
2020/10/16,-0.3497,-1.2883,0.8156,-1.2682,-0.169291565,-1.435024514
2020/10/19,-0.5814,-1.2737,0.3154,-1.8981,-0.330322967,-1.633923335
2020/10/20,-0.2249,0.0671,-0.1957,0.3843,-0.323812192,0.257035605
2020/10/21,-0.2912,-0.6626,1.0818,0.9618,-0.002577047,0.194519123
2020/10/22,-1.5618,-2.4416,0.9832,-0.8961,-0.552776784,-1.701791027
2020/10/23,-1.5398,-2.7089,-0.1484,-2.6462,-1.189417417,-2.945954212
2020/10/26,-1.0564,-1.4093,-0.671,-2.5809,-1.358826018,-1.66134057
2020/10/27,-0.5818,0.8699,-1.2762,0.246,-0.897605003,1.651261159
2020/10/28,-0.1212,1.0473,-0.8628,2.1711,-0.537480018,1.860014184
2020/10/29,0.1913,0.6897,-0.0228,3.2496,-0.114349876,0.880366229
2020/10/30,-2.2571,-2.1365,-0.883,-0.1201,-2.22684317,-2.04320568
2020/11/2,-1.577,-1.344,-0.1179,-0.6216,-2.515101692,-1.555509154
2020/11/3,2.0381,2.3589,2.24,1.932,1.454029678,1.789927141
2020/11/4,1.2217,1.2063,2.5825,1.9575,1.428046323,1.802951213
2020/11/5,1.8285,1.9013,2.5861,2.4757,1.34286787,2.39260468
2020/11/6,1.7378,1.291,1.9641,1.3188,1.779198835,1.32958774
2020/11/9,1.4437,1.2029,1.9338,1.9726,2.041744078,2.033953768
2020/11/10,1.3236,1.5437,0.9671,1.2614,1.632895897,2.256085498
2020/11/11,-0.2257,-1.7205,0.179,-2.3561,0.099826902,-1.490437962
2020/11/12,0.5867,-0.5289,-0.0182,-0.8856,0.192879759,-0.67574984
2020/11/13,-0.5431,1.0542,-1.8569,-0.2714,-0.955532064,0.843638701
2020/11/16,1.3649,1.8893,-0.1667,-0.0506,1.550505087,1.351154269
2020/11/17,2.1899,0.5318,2.1365,0.0927,2.838525989,0.048967413
2020/11/18,0.1446,-1.0975,1.6788,-2.1756,0.721300741,-2.388294551
2020/11/19,-0.1535,-0.4704,1.4997,0.1547,0.214308809,-0.826971871
2020/11/20,0.4914,0.9118,0.4545,1.8726,0.507350111,1.320627069
2020/11/23,2.4125,2.3455,1.1057,1.4596,1.917948799,1.84408817
2020/11/24,1.1042,1.4633,0.2145,0.1901,1.257498419,1.12606231
2020/11/25,-1.9895,-1.5437,-1.3731,-2.8965,-1.677246095,-2.106855401
2020/11/26,-2.0208,-2.7408,0.1904,-2.2548,-1.548088825,-2.350288896
2020/11/27,-0.2888,-0.9368,2.2034,0.8057,0.700749309,-0.00637673
2020/11/30,-0.5769,-0.6339,0.7611,0.5065,0.259036456,-0.023194364
2020/12/1,0.7422,0.9438,1.1451,1.4265,1.56398553,1.866037713
2020/12/2,1.5362,1.9469,2.2179,2.1874,2.285164724,2.393812583
2020/12/3,-0.5667,0.0567,-0.7282,0.5518,-0.119606503,0.165525658
2020/12/4,-0.7974,0.4568,-1.6654,1.3368,-0.799526736,0.913915717
2020/12/7,-1.0335,0.6182,-2.6274,1.2231,-1.284697442,0.988695069
2020/12/8,-1.33,0.0272,-2.6101,0.3144,-1.634473759,-0.038144321
2020/12/9,-1.6608,-1.1515,-1.6902,-1.3368,-1.778916849,-1.188037332
2020/12/10,-0.8812,-0.9036,-1.1189,-1.0978,-1.001831972,-0.93405816
2020/12/11,-0.8112,-1.0745,-1.4126,-0.4375,-0.766380649,-0.879520231
2020/12/14,-1.0506,-0.3815,-0.502,0.3187,-1.310833561,0.115587457
2020/12/15,0.0473,1.3064,0.4356,1.7012,-0.781756006,1.454860488
2020/12/16,-0.498,-0.3612,-0.0183,1.537,-0.476571799,0.103880319
2020/12/17,0.9249,0.8885,1.3336,1.9394,1.270430399,0.866368571
2020/12/18,1.5961,1.5029,0.64,0.6562,1.647707737,0.720684055
2020/12/21,1.252,2.2861,-0.6905,1.2974,0.775122724,1.550051942
2020/12/22,-1.7745,-0.8432,-2.3634,1.0321,-2.055602194,-0.33232112
2020/12/23,-1.7956,-1.9749,-1.4716,0.1809,-1.984675806,-1.533911538
2020/12/24,-0.3422,-0.2805,0.6771,0.6252,-0.687070771,-0.450316128
2020/12/25,0.3294,0.391,0.3222,0.8654,0.26208873,0.698592904
2020/12/28,1.2493,0.853,0.9494,1.9228,1.477878276,1.143328206
2020/12/29,-1.5798,-1.624,0.5133,0.2867,-0.679439906,-1.375646077
2020/12/30,-0.7258,0.0354,0.1625,1.6754,0.181292116,0.797778087
2020/12/31,1.4713,2.7334,1.6347,4.5446,2.068945072,2.797808754
2021/1/4,2.0772,4.081,0.7811,4.6548,2.302318309,3.109422147
2021/1/5,1.003,2.3718,-0.8011,5.9152,1.976623876,4.346164062
2021/1/6,-0.2935,-0.3853,1.1599,4.5752,1.404688931,2.241249198
2021/1/7,-0.4219,0.0396,2.7081,3.6941,1.292701348,1.104670218
2021/1/8,-0.1062,0.9493,1.9332,1.3476,1.613421395,1.287983438
2021/1/11,-1.577,-0.4443,0.3965,-2.3691,-1.272424082,-1.244951662
2021/1/12,-0.8821,0.0972,1.6633,1.6448,-0.122199836,0.901662912
2021/1/13,0.983,0.3737,2.3993,1.9612,2.140150763,1.224280214
2021/1/14,-0.292,-0.8722,-0.4442,-3.6584,-1.466558353,-2.624690729
2021/1/15,-0.1399,-0.1798,-0.1203,-3.5447,-1.811705963,-1.689631877
2021/1/18,1.4385,2.0675,1.2451,-0.2506,1.346618439,1.532290184
2021/1/19,0.7919,0.4083,0.0983,-1.5502,0.843496396,-0.255453685
2021/1/20,-0.291,-0.257,-1.0076,-0.0355,-0.401381273,0.063908155
2021/1/21,0.9372,2.9982,-0.1555,4.4207,1.272131313,3.647154849
2021/1/22,0.1348,2.3234,-0.7295,3.8743,0.618905991,3.53261231
2021/1/25,-1.013,0.639,-0.8733,3.3386,-0.275505654,2.136083031
2021/1/26,-1.4468,-1.9816,-0.7494,-0.7891,-1.306473158,-1.194131051
2021/1/27,-0.9506,-2.0594,-0.6795,-2.3233,-0.960386353,-1.219527363
2021/1/28,-1.8724,-2.6604,-1.4073,-3.1326,-1.933940915,-2.907288211
2021/1/29,-3.3283,-3.5,-2.5524,-3.2891,-3.165010862,-3.877339328
2021/2/1,-0.5106,-0.4267,0.3988,1.2827,1.097810944,0.980807599
2021/2/2,0.8873,2.1912,1.2313,3.9024,2.979477974,4.396786621
2021/2/3,-0.562,0.8147,-0.2202,3.2423,0.821591812,2.495107654
2021/2/4,-1.9647,-3.2476,0.017,0.8904,-1.354084377,-1.236636626
2021/2/5,-2.7632,-4.0949,1.3195,0.4463,-2.62177201,-2.581284984
2021/2/8,-0.0145,-0.3435,1.3512,2.3867,0.898883529,0.655165362
2021/2/9,3.9096,3.943,1.053,4.9937,5.427194387,5.197744722
2021/2/10,3.1594,4.1468,1.641,6.5159,3.870117488,4.424861478
2021/2/18,4.0794,2.9621,2.1573,0.3773,3.0576224,1.62408453
2021/2/19,6.2022,2.4967,2.005,-3.6849,3.189072938,-0.281926753
2021/2/22,4.4724,0.9669,-0.2423,-5.7606,2.068468488,-2.078584139
2021/2/23,1.4379,-1.0381,-0.8388,-5.6184,0.446767429,-2.702690116
2021/2/24,-1.3644,-2.4099,-0.7775,-3.9441,-2.921390175,-4.395561735
2021/2/25,-0.8879,-1.8165,1.4885,-3.9044,-1.619548573,-3.766732566
2021/2/26,-2.2888,-2.4065,-0.044,-2.5927,-1.353039338,-3.193930394
2021/3/1,-0.566,0.5744,-2.3261,0.3342,0.065490277,-0.41319975
2021/3/2,0.8503,2.2638,-0.9455,1.0745,0.965447463,1.154627913
2021/3/3,1.1478,1.115,1.7599,-0.2252,0.141929689,0.2595527
2021/3/4,1.2247,-0.6553,1.5157,-3.5656,-0.863313863,-2.330469993
2021/3/5,-2.0712,-2.9274,-2.4355,-4.9919,-2.747530509,-4.346596554
2021/3/8,-1.749,-3.0248,-2.2897,-5.2696,-1.452802284,-3.851389307
2021/3/9,-1.9317,-4.4796,-2.3801,-7.4219,-2.864522146,-6.529868056
2021/3/10,-2.0636,-2.511,-1.4293,-0.3046,-2.600713312,-2.787133425
2021/3/11,1.8331,2.1899,2.3947,5.1637,2.302307904,3.164762971
2021/3/12,4.0741,2.9201,3.7659,3.2974,3.91104669,2.530815021
2021/3/15,2.3499,-0.3304,0.8014,-3.9435,0.004749124,-2.572030624
2021/3/16,1.3498,-0.1882,0.7481,-3.1071,-0.142126815,-2.117812138
2021/3/17,-0.0312,1.3267,-0.1314,3.0148,0.235328407,1.64915799
2021/3/18,0.3815,1.5339,-1.0164,3.3821,0.666175533,2.826732092
2021/3/19,-0.613,-0.7591,-2.1986,-1.6752,-0.400572385,-0.732302948
2021/3/22,0.7902,-0.3144,-1.3619,-3.2874,0.153899018,-0.898143522
2021/3/23,0.0509,-0.5782,0.184,-1.2117,-0.481303683,0.011074101
2021/3/24,-3.5842,-3.9138,-2.4949,-2.5996,-4.410466126,-3.423635245
2021/3/25,-2.4709,-1.6104,-2.048,-1.2354,-2.252084146,-0.876152947
2021/3/26,0.5189,3.4332,0.7196,3.5497,1.716914361,3.697317342
2021/3/29,2.2952,3.3905,1.4445,3.7308,2.158640618,2.532538977
2021/3/30,0.8288,0.9935,1.0073,1.9797,0.73830986,1.341067159
2021/3/31,0.0099,-0.2189,0.2662,0.3222,-0.17095645,0.152790478
2021/4/1,1.0227,0.3074,0.0001,1.0261,0.275477567,0.299143849
2021/4/2,0.1591,1.0696,0.2246,4.665,0.420197907,2.192014869
2021/4/6,-0.2627,0.863,-0.6124,1.3595,-0.208064166,0.496853303
2021/4/7,1.7509,0.956,-0.6087,-2.4827,0.830070934,-0.327193313
2021/4/8,0.5776,0.2019,-0.4411,-0.9677,0.835060575,0.588254611
2021/4/9,-0.4057,-0.3884,-1.2071,-1.5741,-0.39035082,0.142373972
2021/4/12,-0.9231,-2.7063,-1.3476,-4.0017,-2.011500131,-2.797620296
2021/4/13,-2.2174,-2.7263,-0.9382,-1.7584,-2.323667781,-1.89548547
2021/4/14,-0.0989,1.064,-0.3759,1.6214,0.087988184,2.188949573
2021/4/15,0.777,1.2176,-0.569,0.8439,0.906401021,1.854192488
2021/4/16,1.2184,0.6653,-0.1796,-0.3624,0.97240429,0.432340259
2021/4/19,2.0119,2.67,1.9266,3.5014,2.018789423,2.81214275
2021/4/20,0.3112,1.5937,1.0683,3.5605,0.666114124,2.600219319
2021/4/21,-0.5131,-0.2595,-0.5186,0.4904,-0.487074755,0.529073234
2021/4/22,-0.0067,0.5607,-0.6969,0.1229,-0.140305962,0.573721606
2021/4/23,-0.0669,1.0022,-0.2838,2.0587,0.051938924,0.46592786
2021/4/26,-0.8473,0.175,-1.2679,0.4542,-0.441345165,-0.976535304
2021/4/27,-0.9515,-0.4702,-1.4092,-0.8399,-0.77610926,-0.943744386
2021/4/28,0.2097,0.3321,0.1768,1.9079,0.192107305,1.77651852
2021/4/29,1.2618,0.4248,1.4369,1.6766,0.818529295,1.334133301
2021/4/30,-0.247,-0.354,-0.3057,0.1661,-0.456262557,0.001216995
2021/5/6,0.967,0.1481,-1.6354,-2.6755,0.029911219,-0.372788979
2021/5/7,2.9733,-0.0121,-0.0217,-4.572,1.58123368,-1.907240238
2021/5/10,2.7595,0.5822,0.2528,-2.5049,1.442426501,-1.243428759
2021/5/11,1.1384,-0.0351,0.099,0.9888,-0.147510157,-0.073095069
2021/5/12,0.5074,0.2802,-0.1269,1.817,-0.747760472,0.610976623
2021/5/13,-1.2278,-0.7378,-1.1788,-0.6168,-1.515498824,-0.118291268
2021/5/14,-1.5746,-0.9757,0.5338,0.9798,-0.60579547,0.129899791
2021/5/17,0.423,2.1006,2.3836,5.1616,1.730287244,3.272270584
2021/5/18,0.1605,1.2614,0.8799,2.3961,0.962120229,2.308693589
2021/5/19,-0.1455,0.2228,-0.7393,-0.2935,-0.422975427,0.096242536
2021/5/20,-2.4011,-0.4592,-0.5661,0.599,-1.782868686,0.316233122
2021/5/21,-1.3297,-0.3959,-0.2322,-0.3483,-1.328493144,-0.333907035
2021/5/24,0.6252,0.3988,-0.8698,-0.405,-0.388179599,-0.084334908
2021/5/25,0.971,1.5893,2.3893,4.1059,1.28459743,2.231399664
2021/5/26,1.3237,1.4571,3.1634,3.215,2.138432651,1.377119228
2021/5/27,0.6296,1.5391,0.4519,0.1432,1.038958515,0.978799704
2021/5/28,0.1378,1.7707,-0.1264,0.0988,-0.477212022,0.57613419
2021/5/31,0.1434,1.6894,-0.7481,0.1291,-0.7710516,0.80213847
2021/6/1,0.8154,1.7474,-0.9404,1.1285,0.405971546,2.306864773
2021/6/2,0.1997,-0.4827,-0.4065,-0.5359,0.185295751,0.096405009
2021/6/3,-0.2632,-0.6481,-0.869,-1.9657,-0.676095686,-1.147065405
2021/6/4,-0.6642,0.8399,-0.2945,-0.2526,-0.525014935,0.679576242
2021/6/7,-0.7238,0.946,-0.0338,0.3963,-0.346680754,1.120234167
2021/6/8,-0.5084,-0.4962,-0.4261,-1.8619,-0.985157532,-1.630352479
2021/6/9,0.0845,-0.9193,0.1839,-1.2814,-0.44698884,-1.326450211
2021/6/10,0.9717,1.2318,0.0096,1.9162,0.431429206,1.563497653
2021/6/11,-0.0692,0.3376,-0.297,0.8985,-0.19297531,0.333914028
2021/6/15,-1.3652,-1.8215,-1.6751,-1.3652,-2.230538077,-1.918102441
2021/6/16,-2.4888,-3.2746,-1.2253,-3.8246,-2.569221803,-3.825220526
2021/6/17,-1.6206,-1.0851,-0.4947,-2.0198,-0.932948069,-0.993094738
2021/6/18,0.0077,1.9704,-1.6492,1.3577,-0.729358201,2.473141028
2021/6/21,0.2351,1.7879,-2.0594,0.4932,-0.776941027,1.657353605
2021/6/22,1.1425,1.2605,-0.4629,1.1444,0.719712601,1.634229165
2021/6/23,1.7023,0.8736,1.3633,1.2577,1.819692154,1.388719789
2021/6/24,1.0162,0.3196,0.755,0.7504,1.078693844,0.143511533
2021/6/25,0.8643,0.3333,1.4243,2.5248,1.515276887,0.694775991
2021/6/28,-0.529,1.2469,0.3282,3.4357,1.169942954,2.163007934
2021/6/29,-2.1485,-0.0345,-2.4212,0.4701,-0.918353763,0.517729424
2021/6/30,-0.8504,0.5682,-1.0942,0.4778,-0.884659602,0.382856219
2021/7/1,-0.6773,-0.2862,1.6545,1.5752,-1.081643517,-0.346946663
2021/7/2,-1.2042,-2.1729,-1.0531,-3.6283,-1.557125939,-3.03350524
2021/7/5,0.1325,-0.003,-2.8532,-3.8865,-0.57811558,-0.952888438
2021/7/6,0.8964,0.8203,0.2033,-0.9004,0.545608745,0.763390169
2021/7/7,0.724,1.9907,0.7686,1.3823,0.732039397,2.137366253
2021/7/8,-1.1504,1.8968,-2.1788,1.86,-1.077470472,2.597794206
2021/7/9,-0.0245,0.9786,-2.8589,-1.557,-0.162738526,-0.087912035
2021/7/12,2.2045,2.7908,-0.9183,1.1144,1.278056922,1.621880137
2021/7/13,2.5142,2.1581,0.2369,2.0255,1.840367973,2.428474544
2021/7/14,1.2587,-0.4208,-1.3341,-0.7381,0.803441721,-0.421449166
2021/7/15,0.3755,-0.2147,-0.2787,1.2129,-0.065722371,0.57474605
2021/7/16,1.5088,0.2102,0.9187,-0.7228,1.261661485,-0.402926101
2021/7/19,0.0408,-1.503,-0.6384,-1.5316,-0.236133629,-2.138671795
2021/7/20,-0.9014,-0.5352,-1.0758,1.1939,-1.524193482,0.328738574
2021/7/21,0.2311,2.0207,-1.9248,1.6661,-0.698634332,2.219622011
2021/7/22,1.9247,2.3349,-0.0423,0.8393,1.267517324,1.539269174
2021/7/23,1.219,0.6485,0.3458,-2.7722,0.213677657,-2.014327363
2021/7/26,-1.621,-1.6459,-3.7378,-6.0128,-3.007047304,-4.291245436
2021/7/27,-4.4574,-4.2279,-6.0331,-8.3683,-4.287669051,-5.228135496
2021/7/28,-5.015,-3.76,-2.1471,-3.1003,-3.372169813,-2.995181409
2021/7/29,-0.6123,2.7252,0.5073,4.3502,0.035544377,3.988533365
2021/7/30,2.1217,5.2969,-0.6505,0.28,2.205421361,4.225160143
2021/8/2,1.5922,2.8504,1.5551,0.1965,2.639048035,2.294910599
2021/8/3,-0.0679,-0.1798,2.6257,2.9381,0.857519017,1.423694661
2021/8/4,0.6057,0.9644,0.0914,1.8871,0.340715456,1.559520736
2021/8/5,1.0093,1.9792,-0.6123,0.7177,0.169616985,1.597931286
2021/8/6,0.7873,-0.0023,0.1851,-2.1961,-0.832268513,-1.322308245
2021/8/9,2.3551,1.0411,2.6624,-1.2026,1.185123323,0.277419559
2021/8/10,1.0624,0.9678,3.346,1.6415,1.259828552,1.413129892
2021/8/11,1.6398,1.1378,1.7005,0.124,1.577248221,1.104877725
2021/8/12,2.7635,0.8943,0.3114,-2.9934,2.193450407,0.041536414
2021/8/13,1.7645,-0.2992,-0.773,-2.5426,1.258232494,-0.961739088
2021/8/16,0.4876,-1.706,0.5306,-1.5883,0.114637422,-1.622193102
2021/8/17,-2.0721,-3.4895,-0.2295,-3.5604,-1.901604983,-3.697051402
2021/8/18,-1.2021,-2.1404,1.637,-2.5543,-0.47473143,-2.53932743
2021/8/19,-0.3076,0.6878,0.719,0.0476,0.20847916,0.381823921
2021/8/20,-0.6859,0.4888,-2.6305,-3.6213,-0.715193451,-0.78650887
2021/8/23,1.7675,2.123,-0.5186,-0.8017,1.014498034,0.736139525
2021/8/24,2.5321,2.8953,0.5915,4.5587,1.282612302,2.975483149
2021/8/25,2.7775,1.6281,-0.4146,2.7191,1.970666917,1.508061524
2021/8/26,2.063,-0.2023,-2.2222,-1.641,2.098082047,-1.381807784
2021/8/27,1.5242,-0.9367,-0.6962,-2.2392,1.394108397,-1.153413943
2021/8/30,2.3564,1.0991,-0.8399,0.2794,1.740649371,0.563564862
2021/8/31,3.1929,1.1443,-0.3548,-2.1797,2.454980704,-0.366734658
2021/9/1,1.324,-1.8958,4.3531,-0.9386,1.402076565,-0.498893872
2021/9/2,2.699,-1.4257,3.9672,-0.3953,2.925952964,-0.085664687
2021/9/3,3.0604,0.005,0.8591,-1.618,3.222576176,-1.888901915
2021/9/6,0.3704,0.9735,0.6144,3.4435,1.040805306,-0.255395797
2021/9/7,3.4245,3.645,2.5714,4.0777,3.007201358,3.655755578
2021/9/8,4.7274,2.1927,1.8322,-0.3307,3.198684284,1.160737209
2021/9/9,4.3066,1.2175,0.0985,-1.3125,2.361574847,0.017917916
2021/9/10,1.1971,1.2599,0.9655,0.7878,0.46288166,0.972209161
2021/9/13,1.4657,0.8896,1.4019,0.3572,0.637293524,-0.183001539
2021/9/14,-0.0889,-0.64,-2.1926,-0.5995,-1.112214194,-0.673154792
2021/9/15,-1.5078,-0.804,-3.9436,-1.5925,-2.01030745,-0.397499824
2021/9/16,-0.3667,-1.6306,-2.2527,-2.7764,-1.01329154,-2.006712356
2021/9/17,-2.8078,-2.9833,-0.8204,1.0325,-2.120599152,-1.498082252
2021/9/22,0.5385,-0.6941,0.1669,0.6666,0.323430593,-0.032682394
2021/9/23,2.3327,1.3776,0.5757,-0.9322,1.283841188,-0.024023202
2021/9/24,-2.9365,-0.332,-0.448,1.7497,-2.381552073,-0.202328573
2021/9/27,-7.542,-4.5903,-1.6218,4.0286,-6.302431884,-1.329833053
2021/9/28,-2.7177,-2.7348,1.0128,1.8316,-1.361660979,-1.098337373
2021/9/29,-2.0894,-2.6442,1.0648,-1.5953,0.002555756,-2.731995238
2021/9/30,-2.0174,-1.3622,-1.0091,0.968,-1.593187487,-0.597792932
2021/10/8,1.3599,1.5112,1.0318,2.3862,-0.060917138,1.542041241
2021/10/11,-1.0776,-0.5363,2.5481,-0.2258,-1.294071177,0.284979282
2021/10/12,-2.9629,-2.5092,0.3061,-1.8502,-2.477307733,-1.188341003
2021/10/13,-3.575,-1.3632,-1.3745,1.7455,-2.331264021,-0.109590651
2021/10/14,-1.2092,1.5622,-1.6494,2.1749,-0.28170536,1.995006481
2021/10/15,0.0818,0.6542,-0.5581,0.4819,-0.132066234,0.6575144
2021/10/18,1.8683,0.5713,-0.0256,-0.7637,0.815002883,0.054984617
2021/10/19,2.5477,1.7834,0.7037,-0.6042,1.419619506,0.322669028
2021/10/20,-0.2917,1.0538,0.2544,1.0042,0.189274954,0.615258766
2021/10/21,-0.0665,-0.1882,1.1265,-0.4207,-0.183093539,-0.385538112
2021/10/22,-1.3324,-0.7829,2.2857,0.9993,-1.310169109,-0.647041371
2021/10/25,-1.4647,0.333,0.0897,1.4108,-0.900410705,1.240499358
2021/10/26,0.3882,0.8807,-0.9333,-0.2571,0.314613505,2.127496996
2021/10/27,-1.2848,-0.9511,-2.0052,-1.7085,-0.878471985,-0.057463033
2021/10/28,-3.569,-3.3376,-2.1086,-1.61,-2.554771462,-1.339473172
2021/10/29,-2.005,-0.9684,-1.5228,1.388,-1.57494856,0.389100535
2021/11/1,1.417,2.2145,0.0468,0.7032,0.65384595,0.585406009
2021/11/2,-2.0994,-0.6389,-1.2357,-1.3993,-1.7211687,-0.931670252
2021/11/3,-2.1028,-0.6466,-1.6963,-1.3768,-1.153047761,0.164081832
2021/11/4,1.0862,1.6487,0.1363,0.2037,1.722289057,1.671251208
2021/11/5,-2.2757,-0.1267,-0.8593,0.8636,-1.47394824,0.69694736
2021/11/8,-1.9855,-1.1598,-0.744,-0.1094,-1.845544561,0.040300174
2021/11/9,0.8499,0.7173,-0.4912,0.3061,0.714271041,0.852311747
2021/11/10,-0.3221,0.9301,-0.795,-0.7137,-0.276447865,-0.088495795
2021/11/11,0.4449,1.1767,2.5996,0.4157,0.423161742,0.383515648
2021/11/12,1.0957,1.6847,2.252,0.6365,0.912907071,1.109070334
2021/11/15,0.0125,0.6909,-0.4964,-0.8311,-0.649233372,-0.891016479
2021/11/16,-1.2414,-0.8055,-0.3665,0.6262,-1.21208777,-1.418873419
2021/11/17,-0.0741,0.5565,-0.9501,1.0551,0.093662399,0.858417876
2021/11/18,1.2734,1.0515,-1.296,-0.9755,0.380921339,0.031613246
2021/11/19,1.4264,1.2933,0.3876,0.0557,0.961758823,-0.370052131
2021/11/22,1.9071,3.2442,0.5834,2.5896,1.545860814,2.228015822
2021/11/23,0.947,1.5183,-0.5653,1.2902,0.49171307,1.1714976
2021/11/24,0.8754,0.1203,0.2818,0.2259,0.381361997,-0.371222399
2021/11/25,0.0059,0.0554,-0.3089,0.0977,0.059863095,-0.392172938
2021/11/26,-0.9529,-0.0042,-1.6346,-0.7441,-0.624219947,-0.37793124
2021/11/29,-0.7843,0.4913,-1.5461,0.1949,-0.699057456,0.346046821
2021/11/30,0.0359,0.5113,-0.6576,-0.083,0.162790322,-0.00512859
2021/12/1,1.895,0.2625,0.7912,-1.0887,0.769424781,-1.15593332
2021/12/2,1.3043,-0.6427,2.1347,0.0925,0.734054012,-0.906631759
2021/12/3,0.9561,-0.0288,1.6799,1.5451,1.480355676,0.254047611
2021/12/6,0.7689,-0.5013,1.1687,0.146,1.451684986,-0.72713118
2021/12/7,-0.1359,-1.8966,2.0026,-0.9582,1.498092433,-1.221487901
2021/12/8,1.054,0.7261,1.5083,2.5965,1.569236991,1.49027814
2021/12/9,0.8087,1.7672,1.2458,4.3893,0.605757203,2.419268511
2021/12/10,-0.5013,0.063,0.6787,1.3921,-0.350091,1.017048634
2021/12/13,0.1604,0.8017,-0.3603,0.5076,-0.041853979,0.595092013
2021/12/14,-0.1709,0.8923,-1.034,0.8838,-0.795296983,-0.05997607
2021/12/15,-0.366,-0.2148,-1.1856,-1.3556,-0.877697597,-1.611137173
2021/12/16,1.7093,0.5378,1.0881,-1.0779,1.864742591,-0.600137933
2021/12/17,1.0151,-0.7799,0.1964,-1.9359,1.07156373,-1.090757697
2021/12/20,-1.2642,-3.4726,-1.1186,-4.0724,-1.895964448,-3.386043988
2021/12/21,0.9037,-0.8996,0.9439,-1.729,-0.657943214,-0.792372253
2021/12/22,1.9768,1.9942,0.4944,0.5927,0.701874954,1.706421678
2021/12/23,0.7238,1.1452,-0.2681,1.3631,0.57865504,1.00684316
2021/12/24,-0.2641,-1.2573,0.0243,0.6388,-0.273272123,-0.152751733
2021/12/27,-0.7915,-2.0053,-0.1944,-0.5886,-1.026164028,-0.455842469
2021/12/28,-0.5283,0.3415,0.5896,0.7226,-0.143989282,0.442212618
2021/12/29,-1.0387,0.3224,-0.7721,-1.2994,-1.084436054,-0.441338993
2021/12/30,0.1244,0.7409,-0.7492,-1.2299,-0.231073865,-0.270275159
2021/12/31,1.2768,1.8393,0.9357,1.1596,1.572674864,1.289288045
2022/1/4,2.0297,0.6384,1.1422,-0.8869,1.112078178,-1.134496332
2022/1/5,-0.1837,-2.151,1.5325,-3.1037,-1.052672047,-3.530736586
2022/1/6,-0.3754,-1.7921,0.1484,-3.5598,-0.403863511,-2.235330918
2022/1/7,0.9548,-0.6084,1.236,-2.2085,1.092833795,-1.409571976
2022/1/10,0.5312,-0.435,2.5271,-0.346,0.697175148,-0.565650788
2022/1/11,0.5004,-0.5229,0.5883,-0.8759,0.103938059,-1.319190417
2022/1/12,0.039,-0.0681,-0.4466,0.4756,0.065501802,-0.314737659
2022/1/13,-0.7785,-0.8123,-1.1186,-0.6691,-0.879589986,-0.479048424
2022/1/14,-2.0105,-1.6188,-2.7049,-2.4241,-2.563610232,-1.380851779
2022/1/17,-0.1745,1.8128,-1.7714,1.0494,-0.992544088,1.771137185
2022/1/18,1.2793,1.1071,2.299,1.6788,1.366770433,1.424114717
2022/1/19,0.3226,-1.3806,2.7589,-0.6547,0.955512168,-0.835713868
2022/1/20,-0.902,-2.3334,2.8056,-0.3698,-0.12050415,-1.829128925
2022/1/21,-2.3184,-2.8789,1.0504,-0.0789,-1.195990337,-1.852927338
2022/1/24,-1.822,-1.1467,-0.8478,-0.7475,-1.567935748,-0.616943771
2022/1/25,-4.1951,-3.1331,-2.2856,-1.8878,-4.127930206,-1.90467252
2022/1/26,-3.1069,-3.0692,-1.6544,-1.356,-2.549565498,-1.847989833
2022/1/27,-1.1608,-2.4085,-0.4505,-1.5581,-0.59881554,-1.995742509
2022/1/28,-2.1756,-3.129,-2.7956,-3.4287,-2.480436526,-3.552812355
2022/2/7,1.9552,1.0561,1.505,-0.9739,2.037783115,0.167068871
2022/2/8,4.351,1.7171,4.7834,-2.1464,4.711170263,0.214046127
2022/2/9,3.2456,1.7882,1.5294,-1.0395,2.922771491,0.342940291
2022/2/10,2.0441,1.0579,0.8401,0.1647,1.804243493,0.972872662
2022/2/11,-0.2886,-2.5533,1.8294,-2.9639,-0.238663269,-1.942653922
2022/2/14,-2.6868,-2.9009,-1.4768,-2.1657,-2.682926572,-1.930202802
2022/2/15,-1.656,0.525,-3.5233,2.3444,-1.232409207,1.700839226
2022/2/16,0.6775,1.7714,-0.1545,2.871,1.020295529,1.99972288
2022/2/17,0.2641,0.4501,0.6191,0.6564,0.536946484,0.476630318
2022/2/18,1.0627,1.029,1.0478,0.5386,1.456649438,0.729446135
2022/2/21,2.0242,1.4001,0.9482,-0.7583,1.844368136,0.111126111
2022/2/22,-0.8659,-0.8523,-1.5795,-2.4468,-0.641800251,-1.31180945
2022/2/23,-0.7156,0.795,-1.7309,0.3196,-0.658901181,0.780059427
2022/2/24,-1.528,0.0547,-2.3958,-0.126,-1.189065389,0.066418294
2022/2/25,-1.4242,-1.2471,-2.1518,-0.2376,-1.312860915,-0.49118142
2022/2/28,1.2476,1.6867,-0.5596,2.191,0.722992689,2.139331583
2022/3/1,0.863,0.8938,0.8192,1.7017,0.879734096,0.793426828
2022/3/2,0.9025,-0.4147,0.6724,-0.2673,0.899461568,-0.617115184
2022/3/3,1.957,-0.9536,0.4409,-3.427,1.259001535,-2.243575253
2022/3/4,0.2804,-1.3728,-0.2424,-3.1219,-0.091790902,-2.108680635
2022/3/7,-2.2657,-2.9414,-2.7668,-5.5134,-2.165347382,-3.977164557
2022/3/8,-4.6755,-5.012,-4.2703,-4.7896,-5.168731479,-6.066176929
2022/3/9,-5.143,-4.3307,-4.0366,-0.8755,-6.043488814,-3.75953734
2022/3/10,0.1951,0.3274,-1.3924,2.1627,-0.795736334,1.49563015
2022/3/11,2.4072,2.0522,0.3414,2.5848,2.517476339,3.330588423
2022/3/14,-1.8881,-2.3632,-2.1377,-3.6718,-1.264072371,-1.747899043
2022/3/15,-8.8461,-8.045,-7.9123,-7.2472,-8.508512677,-6.790956669
2022/3/16,-4.1557,-2.7335,-2.004,1.2206,-3.256301086,-1.594924776
2022/3/17,4.4647,5.3141,5.2106,8.102,4.634258953,5.006381645
2022/3/18,4.0873,3.1491,3.8292,2.7397,3.208293091,1.99339638
2022/3/21,2.4581,1.3916,1.1989,-0.1217,2.456832273,0.782509201
2022/3/22,1.076,0.036,0.2763,-1.0079,1.374227927,-0.101654752
2022/3/23,1.3299,0.3478,1.2338,0.0309,0.829879679,0.1599282
2022/3/24,-0.0236,-0.6013,-0.5723,0.2624,-0.34529713,0.288039247
2022/3/25,-1.0494,-2.699,-0.9689,-3.34,-1.456738322,-2.730360728
2022/3/28,0.2638,-1.6271,0.121,-4.0961,-0.464010689,-2.302538637
2022/3/29,0.7425,-1.3352,0.6261,-1.9836,0.349497741,-0.691598608
2022/3/30,1.7327,0.9256,1.8139,3.4104,1.230640188,1.977369919
2022/3/31,2.2912,0.7521,2.7089,2.454,1.474985402,1.040017458
2022/4/1,1.1993,-0.9016,2.1226,-0.1132,0.56906089,-0.609537379
2022/4/6,2.2365,0.0819,2.8195,-0.3443,1.565696969,-0.298338605
2022/4/7,-0.7334,-2.3945,0.0884,-2.6634,-0.723848762,-2.576078955
2022/4/8,-1.7309,-2.3837,-0.022,-1.0242,-0.379835148,-1.541239792
2022/4/11,-2.0867,-3.634,-0.6392,-3.594,-1.013353149,-3.227115387
2022/4/12,-1.3346,-2.3957,-1.4318,-0.8361,-1.366010768,-1.732901939
2022/4/13,0.5443,-0.4304,0.0313,1.5139,0.18873716,-0.6489323
2022/4/14,1.1153,-0.1225,0.5894,0.1641,0.753924717,-0.948771462
2022/4/15,0.7961,0.4196,1.5743,1.472,0.717469917,0.647780934
2022/4/18,-2.2807,-0.1052,-1.97,0.2058,-1.996628593,0.172084585
2022/4/19,-0.4937,1.0521,-2.7183,-0.9726,-0.533621488,0.233914831
2022/4/20,-2.1266,-2.0787,-1.7678,-3.2149,-2.203742503,-2.308655812
2022/4/21,-6.4563,-5.9099,-2.3259,-3.8995,-5.6236916,-4.516186974
2022/4/22,-2.9833,-4.932,0.9209,-2.1246,-1.933683459,-3.379891155
2022/4/25,-5.4875,-8.5639,-2.4632,-5.1645,-4.578600639,-6.661433808
2022/4/26,-8.1817,-9.7865,-5.0128,-5.0401,-7.829653078,-7.377578128
2022/4/27,0.6036,2.2115,-0.6505,4.4686,0.446181582,3.248902945
2022/4/28,3.3395,4.2774,1.9591,5.0396,3.404055286,4.035361736
2022/4/29,3.3722,3.3155,2.7885,2.7094,2.841624466,3.444346737
2022/5/5,4.1865,5.7367,1.2748,1.0463,2.786569437,5.430097253
2022/5/6,-1.536,0.0506,-2.2977,-3.8927,-2.401056844,-0.63117443
2022/5/9,-1.6161,-0.6491,-3.1691,-4.0043,-2.552959666,-2.292096488
2022/5/10,2.1623,2.2391,-0.0535,0.1832,0.846300328,1.299382174
2022/5/11,1.0957,2.1747,0.3712,3.902,1.315102286,3.300500478
2022/5/12,-0.1603,1.2474,-1.2064,2.1222,0.2298625,1.848362037
2022/5/13,1.3917,1.2714,0.8245,-0.2026,1.102452656,0.53098593
2022/5/16,2.1331,0.7942,1.0417,-0.8389,1.348190216,-0.173261804
2022/5/17,-0.1062,0.1901,0.0611,0.3526,0.008710557,0.532074543
2022/5/18,-1.3066,0.2667,0.0759,0.9828,-0.617494771,0.468368631
2022/5/19,-0.0966,0.5714,-0.5966,-0.2546,-0.045121903,0.095846284
2022/5/20,1.9651,2.2776,1.5446,2.5582,2.559534633,2.287014803
2022/5/23,1.9924,2.6655,0.4378,1.5999,2.226711867,1.825892606
2022/5/24,-2.6594,-2.5738,-2.2217,-3.6042,-2.548501911,-3.20697801
2022/5/25,-0.9718,-2.2505,-0.583,-2.709,-1.230413045,-2.870968188
2022/5/26,3.4512,2.3287,1.1274,-0.0948,3.254890862,1.315294896
2022/5/27,0.8812,0.5168,0.8549,0.2987,1.237048429,0.579278857
2022/5/30,0.2098,0.4436,-0.1143,1.8668,-0.126655586,1.285220849
2022/5/31,0.9139,2.6043,0.0501,3.8497,1.206845255,3.35888649
2022/6/1,0.9284,2.0169,0.3311,2.4844,0.720727907,1.942538103
2022/6/2,0.1909,1.4539,-0.9754,0.4394,-0.01834557,0.747790998
2022/6/6,0.7223,3.5287,-0.8433,3.3472,1.786327021,3.519102914
